,X,Continent.Region,Country,LocationDescription,Latitude,Longitude,Elevation.m.,DateCollected,Month,Day,Year,Decade,MuseumOrField,SampleID,FieldID,Order,Family,Genus,Species,Subspecies,SpeciesName,Lifestage,BdStatus,GEScore,ZEScore,BdMethodology,SwabCollector,PreviouslyReported,Comments,bio1,bio2,bio3,bio4,bio5,bio6,bio7,bio8,bio9,bio10,bio11,bio12,bio13,bio14,bio15,bio16,bio17,bio18,bio19,HFP2009,croplands2005,Built2009,NavWater2009,Popdensity2010,Roads,Railways,Pasture2009,dist.closest.wb,cat.closest.wb
12,12,NorthAmerica,United States,"California_San Bernardino County_San Bernardino Mts., Santa Ana River",34.1431992,-117.0677172,1677,1907,NA,NA,1907,1900s,Museum,SM290,MVZ715,Anura,Ranidae,Rana,muscosa,NA,Rana muscosa,NA,1,0.0212,1.7,qPCR (Vredenburg Lab),Sam McNally,NA,1 of 2 qPCR's 1_Coordinate error (m) 42697.505664_Datum _MaNIS georeferencing guidelines_,160,163,49,5875,347,18,329,98,236,240,91,475,91,3,79,244,15,26,240,5.285611153,0,0,0,4,0.285611063,0,0,1.97416944,distephemeralstream
16,16,NorthAmerica,United States,"California_Los Angeles County_E Fork of West Fork Mohave River, 1.25 mi E Cedar Springs Camp",34.3545116,-117.856104,1037,1939,NA,NA,1939,1930s,Museum,SM296,MVZ28278,Anura,Ranidae,Rana,muscosa,NA,Rana muscosa,NA,1,0.00381,0.3,qPCR (Vredenburg Lab),Sam McNally,NA,1 of 2 qPCR's 1_Coordinate error (m) 4113.483264_Datum _MaNIS georeferencing guidelines_,117,141,44,6271,295,-20,315,51,200,203,46,601,114,2,85,327,14,29,312,9,0,0,0,1,8,0,0,1.590338062,distephemeralstream
894,894,NorthAmerica,United States,California_Alpine County_pond near Blue Lakes,38.624607,-119.93803,2483.9,1939,NA,NA,1939,1930s,Museum,MVZ32621,MVZ32621,Anura,Ranidae,Rana,sierrae,NA,Rana sierrae,NA,1,0.00382,0.3056,qPCR (Vredenburg Lab),Sam McNally,NA,_Coordinate error (m) 402.336_Datum __Estimated elevation using GPS Visualizer,42,133,43,6078,215,-88,303,-15,123,124,-26,1022,172,14,69,478,58,64,472,0.253419548,0,0,0,0,0.253419548,0,0,1.541867503,distephemeralstream
139,139,NorthAmerica,United States,California_Tulare County_Wheel Meadow,36.12761,-118.56648,1775.7,1942,NA,NA,1942,1940s,Museum,LACM141885,LACM141885,Anura,Ranidae,Rana,muscosa,NA,Rana muscosa,NA,1,1368.61,109488.8,qPCR (Vredenburg Lab),Sam McNally,NA,1 of 2 qPCR's 1_Coordinate error (m) 4036.234752_Datum _MaNIS/HerpNET/ORNIS Georeferencing Guidelines_Estimated elevation using GPS Visualizer,89,129,43,6010,262,-35,297,25,169,170,22,654,120,5,78,329,21,34,326,5,0,0,0,1,4,0,0,0.484249791,distperennialstream
1,1,NorthAmerica,United States,"California_San Diego County_Doane Valley, Palomar Mt. State Park",33.34,-116.9,1427,1951,NA,NA,1951,1950s,Museum,SM207,MVZ55593,Anura,Ranidae,Rana,muscosa,NA,Rana muscosa,NA,1,2.91E-05,0.002328,qPCR (Vredenburg Lab),Sam McNally,NA,"1 of 2 qPCR's 1_Coordinate error (m) _Datum _not recorded_Put along Doane creek, in between upper and lower valleys.Estimated elevation using GPS Visualizer",148,149,49,5561,320,17,303,90,221,224,84,540,97,3,78,283,23,36,268,3.415076017,0,0,0,3,0.415075958,0,0,0.88152,distlakepond
2,2,NorthAmerica,United States,"California_San Diego County_Doane Valley, Palomar Mt. State Park",33.34,-116.9,1427,1951,NA,NA,1951,1950s,Museum,SM205,MVZ55598,Anura,Ranidae,Rana,muscosa,NA,Rana muscosa,NA,1,0.00266,0.21,qPCR (Vredenburg Lab),Sam McNally,NA,"1 of 2 qPCR's 1_Coordinate error (m) _Datum _not recorded_Put along Doane creek, in between upper and lower valleys.Estimated elevation using GPS Visualizer",148,149,49,5561,320,17,303,90,221,224,84,540,97,3,78,283,23,36,268,3.415076017,0,0,0,3,0.415075958,0,0,0.88152,distlakepond
312,312,NorthAmerica,United States,California_Fresno County_Kaiser Peak Meadows,37.3047,-119.1251,2439,1955,NA,NA,1955,1950s,Museum,SM052,MVZ62892,Anura,Ranidae,Rana,sierrae,NA,Rana sierrae,NA,1,0.000447,0.04,qPCR (Vredenburg Lab),Sam McNally,NA,1 of 2 qPCR's 1_Coordinate error (m) 30_Datum _not recorded_,41,121,43,5508,201,-75,276,-17,115,116,-19,703,125,11,71,334,37,50,332,0.312208503,0,0,0,0,0.312208503,0,0,0.875653574,distephemeralstream
457,457,NorthAmerica,United States,"California_Mono County_No. Inyo Crater Lake, Mono Co., Ca.",37.69194444,-119.0102778,2510,1959,NA,NA,1959,1950s,Museum,CAS187942,CAS187942,Anura,Hylidae,Pseudacris,regilla,NA,Pseudacris regilla,NA,1,0.000343,0.02744,qPCR (Vredenburg Lab),Sam McNally,NA,1 of 2 qPCR's 1_Coordinate error (m) _Datum __Estimated elevation using GPS Visualizer,34,133,44,5827,205,-92,297,-30,113,113,-30,543,91,15,61,244,47,47,244,5.436701298,0,0,0,5,0.436701506,0,0,1.373386373,distlakepond
347,347,NorthAmerica,United States,"California_Madera County_California: Bass Lake, Madera Co.",37.33644167,-119.5788722,1057,1962,NA,NA,1962,1960s,Museum,CAS101153,CAS101153,Anura,Hylidae,Pseudacris,regilla,NA,Pseudacris regilla,NA,1,0.0365,2.92,qPCR (Vredenburg Lab),Sam McNally,NA,1 of 2 qPCR's 1_Coordinate error (m) _Datum __Estimated elevation using GPS Visualizer,96,143,46,6022,277,-33,310,32,176,177,29,972,178,5,79,488,24,33,484,6.396477222,0,0,0,5,0.396477342,0,0,0.178101342,distephemeralstream
875,875,NorthAmerica,United States,CALIFORNIA_Alpine County_0.25 MI W OF EBBETTS PASS,38.544361,-119.81557,2663,1965,NA,NA,1965,1960s,Museum,CM45135,CM45135,Anura,Ranidae,Rana,muscosa,NA,Rana muscosa,NA,1,0.0235,1.88,qPCR (Vredenburg Lab),Sam McNally,NA,1 of 2 qPCR's 1_Coordinate error (m) 534_Datum _MaNIS/HerpNET/ORNIS Georeferencing Guidelines_Estimated elevation using GPS Visualizer,47,140,44,6237,227,-89,316,-14,130,130,-24,793,132,15,65,364,56,56,361,8,0,0,0,0,8,0,0,0.032550904,distephemeralstream
610,610,NorthAmerica,United States,"California_Tuolumne County_Siesta Lake, Yosemite National Park",37.851102,-119.658613,2418,1972,NA,NA,1972,1970s,Museum,SM070,MVZ136154,Anura,Ranidae,Rana,sierrae,NA,Rana sierrae,NA,1,0.0313,2.5,qPCR (Vredenburg Lab),Sam McNally,NA,1 of 2 qPCR's 1_Coordinate error (m) 106.68_Datum _not recorded_,48,135,45,5887,221,-78,299,-17,127,128,-17,806,139,12,69,378,45,53,378,9,0,0,0,1,8,0,0,1.007130343,distlakepond
611,611,NorthAmerica,United States,"California_Tuolumne County_Siesta Lake, Yosemite National Park",37.851102,-119.658613,2439,1972,NA,NA,1972,1970s,Museum,SM074,MVZ136155,Anura,Ranidae,Rana,sierrae,NA,Rana sierrae,NA,1,0.0209,1.67,qPCR (Vredenburg Lab),Sam McNally,NA,1 of 2 qPCR's 1_Coordinate error (m) 106.68_Datum _not recorded_,48,135,45,5887,221,-78,299,-17,127,128,-17,806,139,12,69,378,45,53,378,9,0,0,0,1,8,0,0,1.007130343,distlakepond
613,613,NorthAmerica,United States,"California_Tuolumne County_Monroe Middlefork Camp, Middle Fork of the Tuolumne River",37.857829,-119.86226,1346.1,1972,NA,NA,1972,1970s,Museum,MVZ136239,MVZ136239,Anura,Ranidae,Rana,boylii,NA,Rana boylii,NA,1,0.123,9.84,qPCR (Vredenburg Lab),Sam McNally,NA,"1 of 2 qPCR's 1_Coordinate error (m) 30_Datum _not recorded_Marker at Middlefork camp, and middle fork Tuolumne River.Estimated elevation using GPS Visualizer",111,146,45,6378,299,-22,321,38,196,196,38,1022,177,4,77,496,27,34,496,1.279920936,0,0,0,1,0.279920965,0,0,0.358065088,distperennialstream
621,621,NorthAmerica,United States,"California_Tuolumne County_Dana Fork Tuolumne River, Yosemite National Park",37.880091,-119.311172,2774,1972,NA,NA,1972,1970s,Museum,SM099,MVZ136151,Anura,Ranidae,Rana,sierrae,NA,Rana sierrae,NA,1,0.00114,0.09,qPCR (Vredenburg Lab),Sam McNally,NA,1 of 2 qPCR's 1_Coordinate error (m) 30_Datum _not recorded_Marker based on elevation.,10,123,43,5578,173,-108,281,-36,85,87,-51,723,120,20,61,326,64,72,308,9,0,0,0,1,8,0,0,0.040020147,distperennialstream
622,622,NorthAmerica,United States,"California_Tuolumne County_Dana Fork Tuolumne River, Yosemite National Park",37.880091,-119.311172,2774,1972,NA,NA,1972,1970s,Museum,SM110,MVZ136152,Anura,Ranidae,Rana,sierrae,NA,Rana sierrae,NA,1,0.00439,0.35,qPCR (Vredenburg Lab),Sam McNally,NA,1 of 2 qPCR's 1_Coordinate error (m) 30_Datum _not recorded_Marker based on elevation.,10,123,43,5578,173,-108,281,-36,85,87,-51,723,120,20,61,326,64,72,308,9,0,0,0,1,8,0,0,0.040020147,distperennialstream
637,637,NorthAmerica,United States,"California_Tuolumne County_Cathedral Creek, Yosemite National Park",37.90317,-119.44083,2387.2,1972,NA,NA,1972,1970s,Museum,SM082,MVZ136157,Anura,Ranidae,Rana,sierrae,NA,Rana sierrae,NA,1,0.0573,4.58,qPCR (Vredenburg Lab),Sam McNally,NA,1 of 2 qPCR's 1_Coordinate error (m) 6152.32_Datum _MaNIS georeferencing guidelines_point is midpoint of creek's lengthEstimated elevation using GPS Visualizer,28,129,44,5707,196,-94,290,-22,105,106,-34,729,124,16,66,334,53,61,322,2.852497578,0,0,0,1,0.852497637,0,1,1.108075332,distperennialstream
638,638,NorthAmerica,United States,"California_Tuolumne County_Cathedral Creek, Yosemite National Park",37.90317,-119.44083,2387.2,1972,NA,NA,1972,1970s,Museum,SM063,MVZ136156,Anura,Ranidae,Rana,sierrae,NA,Rana sierrae,NA,1,NA,1.7756,qPCR (Vredenburg Lab),Sam McNally,NA,took average of 2 1 qPCR's_ZE's 0.5672_2.984_Coordinate error (m) 6152.32_Datum _MaNIS georeferencing guidelines_point is midpoint of creek's lengthEstimated elevation using GPS Visualizer,28,129,44,5707,196,-94,290,-22,105,106,-34,729,124,16,66,334,53,61,322,2.852497578,0,0,0,1,0.852497637,0,1,1.108075332,distperennialstream
812,812,NorthAmerica,United States,"California_Tuolumne County_South State Hwy. 108, ca. 0.5 mi W Sonora Pass",38.33346,-119.640055,2774,1973,NA,NA,1973,1970s,Museum,SM116,MVZ136169,Anura,Ranidae,Rana,sierrae,NA,Rana sierrae,NA,1,0.0061,0.49,qPCR (Vredenburg Lab),Sam McNally,NA,1 of 2 qPCR's 1_Coordinate error (m) 30_Datum _not recorded_,28,134,44,5993,201,-101,302,-27,108,108,-39,776,127,18,62,350,63,68,346,9,0,0,0,1,8,0,0,1.013880397,distperennialstream
1034,1034,NorthAmerica,United States,"California_Nevada County_S Yuba River, Washington",39.3601667,-120.7998333,791.5,1973,NA,NA,1973,1970s,Museum,MVZ136320,MVZ136320,Anura,Ranidae,Rana,boylii,NA,Rana boylii,NA,1,0.0532,4.26,qPCR (Vredenburg Lab),Sam McNally,NA,1 of 2 qPCR's 1_Coordinate error (m) _Datum _not recorded_Estimated elevation using GPS Visualizer,101,137,44,6122,281,-24,305,40,182,183,32,1635,296,6,78,806,41,51,806,3.318683624,0,0,0,3,0.318683654,0,0,0.781159355,distephemeralstream
1035,1035,NorthAmerica,United States,"California_Nevada County_S Yuba River, Washington",39.3601667,-120.7998333,791.5,1973,NA,NA,1973,1970s,Museum,MVZ136322,MVZ136322,Anura,Ranidae,Rana,boylii,NA,Rana boylii,NA,1,0.00897,0.7176,qPCR (Vredenburg Lab),Sam McNally,NA,1 of 2 qPCR's 1_Coordinate error (m) _Datum _not recorded_Estimated elevation using GPS Visualizer,101,137,44,6122,281,-24,305,40,182,183,32,1635,296,6,78,806,41,51,806,3.318683624,0,0,0,3,0.318683654,0,0,0.781159355,distephemeralstream
1037,1037,NorthAmerica,United States,"California_Nevada County_S Yuba River, Washington",39.3601667,-120.7998333,791.5,1973,NA,NA,1973,1970s,Museum,MVZ136321,MVZ136321,Anura,Ranidae,Rana,boylii,NA,Rana boylii,NA,1,NA,13.48,qPCR (Vredenburg Lab),Sam McNally,NA,took average of 2 1 qPCR's_ZEs 4.248_9.36_Coordinate error (m) _Datum _not recorded_Estimated elevation using GPS Visualizer,101,137,44,6122,281,-24,305,40,182,183,32,1635,296,6,78,806,41,51,806,3.318683624,0,0,0,3,0.318683654,0,0,0.781159355,distephemeralstream
1038,1038,NorthAmerica,United States,"California_Nevada County_S Yuba River, Washington",39.3601667,-120.7998333,791.5,1973,NA,NA,1973,1970s,Museum,MVZ136323,MVZ136323,Anura,Ranidae,Rana,boylii,NA,Rana boylii,NA,1,NA,9.62,qPCR (Vredenburg Lab),Sam McNally,NA,took average of 2 1 qPCR's_ZEs 2.936_1.264_Coordinate error (m) _Datum _not recorded_Estimated elevation using GPS Visualizer,101,137,44,6122,281,-24,305,40,182,183,32,1635,296,6,78,806,41,51,806,3.318683624,0,0,0,3,0.318683654,0,0,0.781159355,distephemeralstream
1039,1039,NorthAmerica,United States,"California_Nevada County_S Yuba River, Washington",39.3601667,-120.7998333,791.5,1973,NA,NA,1973,1970s,Museum,MVZ136324,MVZ136324,Anura,Ranidae,Rana,boylii,NA,Rana boylii,NA,1,NA,1.268,qPCR (Vredenburg Lab),Sam McNally,NA,took average of 2 1 qPCR's_ZEs 140.8_168_Coordinate error (m) _Datum _not recorded_Estimated elevation using GPS Visualizer,101,137,44,6122,281,-24,305,40,182,183,32,1635,296,6,78,806,41,51,806,3.318683624,0,0,0,3,0.318683654,0,0,0.781159355,distephemeralstream
1040,1040,NorthAmerica,United States,"California_Nevada County_S Yuba River, Washington",39.3601667,-120.7998333,791.5,1973,NA,NA,1973,1970s,Museum,MVZ136326,MVZ136326,Anura,Ranidae,Rana,boylii,NA,Rana boylii,NA,1,NA,4.256,qPCR (Vredenburg Lab),Sam McNally,NA,took average of 2 1 qPCR's_ZEs 0.016_3.16_Coordinate error (m) _Datum _not recorded_Estimated elevation using GPS Visualizer,101,137,44,6122,281,-24,305,40,182,183,32,1635,296,6,78,806,41,51,806,3.318683624,0,0,0,3,0.318683654,0,0,0.781159355,distephemeralstream
583,583,NorthAmerica,United States,"California_Tuolumne County_Elizabeth Lake, Yosemite National Park",37.844024,-119.367162,2921,1974,NA,NA,1974,1970s,Museum,SM078,MVZ136199,Anura,Ranidae,Rana,sierrae,NA,Rana sierrae,NA,1,0.00187,0.15,qPCR (Vredenburg Lab),Sam McNally,NA,1 of 2 qPCR's 1_Coordinate error (m) 30_Datum _not recorded_,28,129,44,5707,196,-94,290,-22,105,106,-34,729,124,16,66,334,53,61,322,2.629548073,0,0,0,1,1.629547954,0,0,0.247534016,distintermittentstream
584,584,NorthAmerica,United States,"California_Tuolumne County_Elizabeth Lake, Yosemite National Park",37.844024,-119.367162,2921,1974,NA,NA,1974,1970s,Museum,SM113,MVZ136196,Anura,Ranidae,Rana,sierrae,NA,Rana sierrae,NA,1,0.102,8.16,qPCR (Vredenburg Lab),Sam McNally,NA,1 of 2 qPCR's 1_Coordinate error (m) 30_Datum _not recorded_,28,129,44,5707,196,-94,290,-22,105,106,-34,729,124,16,66,334,53,61,322,2.629548073,0,0,0,1,1.629547954,0,0,0.247534016,distintermittentstream
633,633,NorthAmerica,United States,"California_Tuolumne County_Dog Lake, ca. 1.5 mi from Lembert Dome parking lot in Tuolumne Meadows, Yosemite National Park",37.890017,-119.338553,2817,1974,NA,NA,1974,1970s,Museum,SM088,MVZ136203,Anura,Ranidae,Rana,sierrae,NA,Rana sierrae,NA,1,NA,5.222,qPCR (Vredenburg Lab),Sam McNally,NA,took average of 2 1 qPCR's_ZE's 0.524_9.92_Coordinate error (m) 30_Datum _not recorded_Measured along trail.,28,129,44,5707,196,-94,290,-22,105,106,-34,729,124,16,66,334,53,61,322,5,0,0,0,1,4,0,0,0.039765542,distlakepond
854,854,NorthAmerica,United States,"California_Alpine County_Upper Mosquito Lake [first on right, Hwy. 4 heading E]",38.51603,-119.91126,2454,1974,NA,NA,1974,1970s,Museum,MVZ136173,MVZ136173,Anura,Ranidae,Rana,sierrae,NA,Rana sierrae,NA,1,0.00163,0.13,qPCR (Vredenburg Lab),Sam McNally,NA,_Coordinate error (m) 402.336_Datum __,42,133,43,6078,215,-88,303,-15,123,124,-26,1022,172,14,69,478,58,64,472,8,0,0,0,0,8,0,0,0,distlakepond
855,855,NorthAmerica,United States,"California_Alpine County_Upper Mosquito Lake [first on right, Hwy. 4 heading E]",38.51603,-119.91126,2454,1974,NA,NA,1974,1970s,Museum,MVZ136179,MVZ136179,Anura,Ranidae,Rana,sierrae,NA,Rana sierrae,NA,1,0.0461,3.69,qPCR (Vredenburg Lab),Sam McNally,NA,_Coordinate error (m) 402.336_Datum __,42,133,43,6078,215,-88,303,-15,123,124,-26,1022,172,14,69,478,58,64,472,8,0,0,0,0,8,0,0,0,distlakepond
908,908,NorthAmerica,United States,"California_Alpine County_Upper Lake, 1 mi from Hwy. 88 on trail to Lake Winnemucca",38.68778,-119.985,2701,1974,NA,NA,1974,1970s,Museum,MVZ136220,MVZ136220,Anura,Ranidae,Rana,sierrae,NA,Rana sierrae,NA,1,0.614,49.12,qPCR (Vredenburg Lab),Sam McNally,NA,_Coordinate error (m) 804.672_Datum __Estimated elevation using GPS Visualizer,42,134,43,6155,217,-89,306,-16,124,125,-27,974,162,15,67,452,61,65,445,4,0,0,0,0,4,0,0,0,distlakepond
615,615,NorthAmerica,United States,"California_Tuolumne County_Lukens Lake, Yosemite National Park",37.860688,-119.614559,2521,1975,NA,NA,1975,1970s,Museum,SM085,MVZ136228,Anura,Ranidae,Rana,sierrae,NA,Rana sierrae,NA,1,NA,24.016,qPCR (Vredenburg Lab),Sam McNally,NA,took average of 2 1 qPCR's_ZE's 4.432_43.6_Coordinate error (m) 198.12_Datum _not recorded_Estimated elevation using GPS Visualizer,48,135,45,5887,221,-78,299,-17,127,128,-17,806,139,12,69,378,45,53,378,5,0,0,0,1,4,0,0,0.848915406,distlakepond
616,616,NorthAmerica,United States,"California_Tuolumne County_Lukens Lake, Yosemite National Park",37.860688,-119.614559,2521,1975,NA,NA,1975,1970s,Museum,SM115,MVZ136229,Anura,Ranidae,Rana,sierrae,NA,Rana sierrae,NA,1,NA,67.08,qPCR (Vredenburg Lab),Sam McNally,NA,took average of 2 1 qPCR's_ZE's 15.76_118.4_Coordinate error (m) 198.12_Datum _not recorded_Estimated elevation using GPS Visualizer,48,135,45,5887,221,-78,299,-17,127,128,-17,806,139,12,69,378,45,53,378,5,0,0,0,1,4,0,0,0.848915406,distlakepond
617,617,NorthAmerica,United States,"California_Tuolumne County_creek at fork of trail to Lukens Lake/Ten Lakes, Yosemite National Park",37.86539,-119.620339,2442.2,1975,NA,NA,1975,1970s,Museum,SM104,MVZ136230,Anura,Ranidae,Rana,sierrae,NA,Rana sierrae,NA,1,NA,15.2,qPCR (Vredenburg Lab),Sam McNally,NA,took average of 2 1 qPCR's_ZE's 8.08_22.32_Coordinate error (m) 30_Datum _not recorded_Estimated elevation using GPS Visualizer,48,135,45,5887,221,-78,299,-17,127,128,-17,806,139,12,69,378,45,53,378,2.629548073,0,0,0,1,1.629547954,0,0,0.111989566,distperennialstream
886,886,NorthAmerica,United States,California_Amador County_Bear River Reservoir,38.564971,-120.21226,1792,1975,NA,NA,1975,1970s,Museum,SM032,MVZ136236,Anura,Ranidae,Rana,sierrae,NA,Rana sierrae,NA,1,0.0743,5.94,qPCR (Vredenburg Lab),Sam McNally,NA,1 of 2 qPCR's 1_Coordinate error (m) 1609.344_Datum _not recorded_Estimated elevation using GPS Visualizer,70,136,44,6122,248,-59,307,0,151,152,0,1233,218,9,76,598,44,53,598,3.681485176,0,0,0,3,0.681485295,0,0,0,distlakepond
116,116,NorthAmerica,United States,California_Inyo County_Little Lake,35.936983,-117.905733,952.6,1976,NA,NA,1976,1970s,Museum,MVZ137374,MVZ137374,Anura,Hylidae,Pseudacris,regilla,NA,Pseudacris regilla,NA,1,0.00958,0.77,qPCR (Vredenburg Lab),Sam McNally,NA,"1 of 2 qPCR's 1_Coordinate error (m) 1128.150144_Datum _MaNIS georeferencing guidelines_Extent is half the distance to Wickline Canyon. Extent and Maximum Error updated by David M. Fisher, 5 April 2010.Estimated elevation using GPS Visualizer",141,152,42,7345,340,-19,359,65,213,239,53,234,40,3,69,114,16,19,113,5,0,0,0,0,4,0,1,1.122712835,distlakepond
118,118,NorthAmerica,United States,California_Inyo County_Little Lake,35.936983,-117.905733,952.6,1976,NA,NA,1976,1970s,Museum,MVZ137378,MVZ137378,Anura,Hylidae,Pseudacris,regilla,NA,Pseudacris regilla,NA,1,NA,5.82,qPCR (Vredenburg Lab),Sam McNally,NA,"took average of 2 1 qPCR's_ZEs 0.4232_0.848_Coordinate error (m) 1128.150144_Datum _MaNIS georeferencing guidelines_Extent is half the distance to Wickline Canyon. Extent and Maximum Error updated by David M. Fisher, 5 April 2010.Estimated elevation using GPS Visualizer",141,152,42,7345,340,-19,359,65,213,239,53,234,40,3,69,114,16,19,113,5,0,0,0,0,4,0,1,1.122712835,distlakepond
839,839,NorthAmerica,United States,California_Alpine County_pond in Meadow between Highland Lakes,38.49078,-119.80266,2652,1976,NA,NA,1976,1970s,Museum,SM567,MVZ137397,Anura,Hylidae,Pseudacris,regilla,NA,Pseudacris regilla,NA,1,0.0153,1.22,qPCR (Vredenburg Lab),Sam McNally,NA,1 of 2 qPCR's 1_Coordinate error (m) 804.672_Datum _not recorded_,39,135,44,6055,213,-91,304,-17,120,121,-28,873,146,15,67,403,57,63,400,0.318683654,0,0,0,0,0.318683654,0,0,0.289862602,distlakepond
724,724,NorthAmerica,United States,California_Mono County_Frog Lakes,38.048854,-119.280773,3168,1977,NA,NA,1977,1970s,Museum,MVZ145327,MVZ145327,Anura,Bufonidae,Bufo,boreas x canorus,NA,Bufo boreas x Bufo canorus,NA,1,NA,17.264,qPCR (Vredenburg Lab),Sam McNally,NA,took average of 2 1 qPCR's_ZEs 0.7304_1.376_Coordinate error (m) 182.88_Datum _not recorded_Estimated elevation using GPS Visualizer,27,135,44,5927,201,-102,303,-28,107,107,-39,593,97,18,59,262,57,57,261,0.25053829,0,0,0,0,0.25053829,0,0,0.139231922,distlakepond
20,20,NorthAmerica,United States,"California_Kern County_Sand Canyon, 3.1 mi W Hwy. 14, 20 mi S junction of Brown Rd. and Hwy. 14",35.10909,-118.31852,1220,1978,NA,NA,1978,1970s,Museum,MVZ172776,MVZ172776,Anura,Hylidae,Pseudacris,regilla,NA,Pseudacris regilla,NA,1,0.000154,0.01232,qPCR (Vredenburg Lab),Sam McNally,NA,1 of 2 qPCR's 1_Coordinate error (m) 1207.008_Datum _not recorded_,142,143,42,6824,329,-4,333,72,207,234,63,249,44,2,75,125,12,12,120,19,0,0,0,2,8,8,1,0.313036674,distintermittentstream
21,21,NorthAmerica,United States,"California_Kern County_Sand Canyon, 3.1 mi W Hwy. 14, 20 mi S junction of Brown Rd. and Hwy. 14",35.10909,-118.31852,1220,1978,NA,NA,1978,1970s,Museum,MVZ172777,MVZ172777,Anura,Hylidae,Pseudacris,regilla,NA,Pseudacris regilla,NA,1,NA,11.976,qPCR (Vredenburg Lab),Sam McNally,NA,took average of 2 1 qPCR's_ZEs 16.08_32.96_Coordinate error (m) 1207.008_Datum _not recorded_,142,143,42,6824,329,-4,333,72,207,234,63,249,44,2,75,125,12,12,120,19,0,0,0,2,8,8,1,0.313036674,distintermittentstream
788,788,NorthAmerica,United States,California_Tuolumne County_1.7 mi SW (by road) Sonora Pass,38.331041,-119.654713,2805,1979,NA,NA,1979,1970s,Museum,SM108,MVZ170914,Anura,Ranidae,Rana,sierrae,NA,Rana sierrae,NA,1,0.00191,0.15,qPCR (Vredenburg Lab),Sam McNally,NA,1 of 2 qPCR's 1_Coordinate error (m) 30_Datum _not recorded_Distance measured along hwy.,25,130,44,5858,194,-100,294,-28,103,104,-40,809,135,18,64,370,61,67,351,9,0,0,0,1,8,0,0,0.268669492,distperennialstream
797,797,NorthAmerica,United States,California_Tuolumne County_1.7 mi SW (by road) Sonora Pass,38.331041,-119.654713,2805,1979,NA,NA,1979,1970s,Museum,SM121,MVZ170919,Anura,Ranidae,Rana,sierrae,NA,Rana sierrae,NA,1,NA,329.2,qPCR (Vredenburg Lab),Sam McNally,NA,took average of 2 1 qPCR's_ZE's 112_546.4_Coordinate error (m) 30_Datum _not recorded_Distance measured along hwy.,25,130,44,5858,194,-100,294,-28,103,104,-40,809,135,18,64,370,61,67,351,9,0,0,0,1,8,0,0,0.268669492,distperennialstream
743,743,NorthAmerica,United States,"California_Calaveras County_4.5 mi ESE (by air) Mokelumne Hill, Jesus Maria-Chaparral Transect",38.2753362,-120.6183911,549,1980,NA,NA,1980,1980s,Museum,SM560,MVZ175276,Anura,Hylidae,Pseudacris,regilla,NA,Pseudacris regilla,NA,1,NA,17.52,qPCR (Vredenburg Lab),Sam McNally,NA,took average of 2 1 qPCR's_ZEs 0.02264_3.368_Coordinate error (m) 3509.979264_Datum _MaNIS georeferencing guidelines_Started from center of Mokelumne Hill,143,155,46,6333,339,7,332,68,225,227,68,936,173,3,81,465,15,24,465,4.318683624,0,0,0,4,0.318683654,0,0,4.105388443,distperennialstream
815,815,NorthAmerica,United States,"California_Calaveras County_2.2 mi E (by air) Glenco, in Wet-Gulch Fir Transect",38.3504675,-120.5449695,701,1980,NA,NA,1980,1980s,Museum,SM562,MVZ175279,Anura,Hylidae,Pseudacris,regilla,NA,Pseudacris regilla,NA,1,NA,78.72,qPCR (Vredenburg Lab),Sam McNally,NA,took average of 2 1 qPCR's_ZEs 0.6696_5.024_Coordinate error (m) 304.8_Datum _not recorded_,139,147,45,6318,329,8,321,65,221,223,65,1113,198,4,80,541,20,32,541,7,0,0,0,3,4,0,0,0.55902995,distperennialstream
828,828,NorthAmerica,United States,"California_Amador County_3.0 mi SE (by air) Fiddletown, Rancheria Creek-Oak Woodland Transect",38.473113,-120.716497,671,1980,NA,NA,1980,1980s,Museum,SM573,MVZ175418,Anura,Hylidae,Pseudacris,regilla,NA,Pseudacris regilla,NA,1,NA,2.8468,qPCR (Vredenburg Lab),Sam McNally,NA,took average of 2 1 qPCR's_ZEs 208_111.2_Coordinate error (m) 1207.008_Datum _not recorded_,147,152,45,6302,342,11,331,72,229,230,72,854,169,3,82,444,15,21,444,6.253212929,0,0,0,4,0.253213167,0,2,3.027905603,distperennialstream
956,956,NorthAmerica,United States,"California_Placer County_2.5 mi NE (by air) Auburn, Forest Hill Bridge-Burned Chaparral Transect",38.9225,-121.0388333,427,1980,NA,NA,1980,1980s,Museum,MVZ175439,MVZ175439,Anura,Hylidae,Pseudacris,regilla,NA,Pseudacris regilla,NA,1,NA,4.892,qPCR (Vredenburg Lab),Sam McNally,NA,took average of 2 1 qPCR's_ZEs 0.2624_13.92_Coordinate error (m) _Datum _not recorded_,154,137,43,6223,337,21,316,78,234,235,78,885,176,1,83,451,13,20,451,30,0,10,0,8,4,0,0,4.783809476,distintermittentstream
959,959,NorthAmerica,United States,"California_Placer County_2.5 mi WNW Foresthill on Yankee Jim Rd., Yankee Jim-Mixed Conifer Transect",39.037,-120.9075,854,1980,NA,NA,1980,1980s,Museum,MVZ174531,MVZ175431,Anura,Bufonidae,Bufo,boreas,NA,Bufo boreas,NA,1,NA,6.804,qPCR (Vredenburg Lab),Sam McNally,NA,took average of 2 1 qPCR's_ZEs 105.6_164_Coordinate error (m) _Datum _not recorded_,138,142,45,6081,320,7,313,68,218,219,68,1219,237,3,82,623,21,31,623,4.296728134,0,0,0,4,0.296728104,0,0,1.629784291,distperennialstream
36,36,NorthAmerica,United States,California_Kern County_Kern River Canyon,35.4985789,-118.6938205,636.7,1982,NA,NA,1982,1980s,Museum,MVZ178528,MVZ178528,Anura,Hylidae,Pseudacris,regilla,NA,Pseudacris regilla,NA,1,0.00604,0.4832,qPCR (Vredenburg Lab),Sam McNally,NA,1 of 2 qPCR's 1_Coordinate error (m) 16173.9072_Datum _not recorded_Estimated elevation using GPS Visualizer,171,151,43,6954,362,17,345,99,262,262,87,304,55,1,78,157,7,7,144,11,0,0,0,2,8,0,1,1.352688606,distintermittentstream
704,704,NorthAmerica,United States,"California_Mono County_10 m. west of Lee Vining Dana, Mono County, Ca.",37.93984444,-119.2356111,2953.8,1982,NA,NA,1982,1980s,Museum,CAS163111,CAS163111,Anura,Hylidae,Pseudacris,regilla,NA,Pseudacris regilla,NA,1,NA,2.752,qPCR (Vredenburg Lab),Sam McNally,NA,"took average of 2 1 qPCR's_ZEs 865.6_1298.4_Coordinate error (m) _Datum _Mount Dana Quadrangle, 1988_Estimated elevation using GPS Visualizer",10,123,43,5578,173,-108,281,-36,85,87,-51,723,120,20,61,326,64,72,308,9,0,0,0,1,8,0,0,0.924258923,distlakepond
705,705,NorthAmerica,United States,"California_Mono County_10 m. west of Lee Vining Dana, Mono County, Ca.",37.93984444,-119.2356111,2953.8,1982,NA,NA,1982,1980s,Museum,CAS163114,CAS163114,Anura,Hylidae,Pseudacris,regilla,NA,Pseudacris regilla,NA,1,3.85E-05,0.00308,qPCR (Vredenburg Lab),Sam McNally,NA,"1 of 2 qPCR's 1_Coordinate error (m) _Datum _Mount Dana Quadrangle, 1988_Estimated elevation using GPS Visualizer",10,123,43,5578,173,-108,281,-36,85,87,-51,723,120,20,61,326,64,72,308,9,0,0,0,1,8,0,0,0.924258923,distlakepond
706,706,NorthAmerica,United States,"California_Mono County_10 m. west of Lee Vining Dana, Mono County, Ca.",37.93984444,-119.2356111,2953.8,1982,NA,NA,1982,1980s,Museum,CAS163116,CAS163116,Anura,Hylidae,Pseudacris,regilla,NA,Pseudacris regilla,NA,1,0.0123,0.984,qPCR (Vredenburg Lab),Sam McNally,NA,"1 of 2 qPCR's 1_Coordinate error (m) _Datum _Mount Dana Quadrangle, 1988_Estimated elevation using GPS Visualizer",10,123,43,5578,173,-108,281,-36,85,87,-51,723,120,20,61,326,64,72,308,9,0,0,0,1,8,0,0,0.924258923,distlakepond
880,880,NorthAmerica,United States,California_Alpine County_Ebbetts Pass,38.544535,-119.81108,2663.7,1982,NA,NA,1982,1980s,Museum,SM570,MVZ178527,Anura,Hylidae,Pseudacris,regilla,NA,Pseudacris regilla,NA,1,0.021,1.68,qPCR (Vredenburg Lab),Sam McNally,NA,1 of 2 qPCR's 1_Coordinate error (m) 402.336_Datum _not recorded_Estimated elevation using GPS Visualizer,47,140,44,6237,227,-89,316,-14,130,130,-24,793,132,15,65,364,56,56,361,8,0,0,0,0,8,0,0,1.253147547,distephemeralstream
757,757,NorthAmerica,United States,"California_Tuolumne County_3 mi W Sonora Pass, Hwy. 108 near Deadman Creek",38.317571,-119.666132,2679.6,1983,NA,NA,1983,1980s,Museum,SM081,MVZ186412,Anura,Ranidae,Rana,sierrae,NA,Rana sierrae,NA,1,0.00258,0.21,qPCR (Vredenburg Lab),Sam McNally,NA,1 of 2 qPCR's 1_Coordinate error (m) 30_Datum _not recorded_Measured along Hwy. 108.Estimated elevation using GPS Visualizer,25,130,44,5858,194,-100,294,-28,103,104,-40,809,135,18,64,370,61,67,351,10,0,0,0,2,8,0,0,0.46054674,distperennialstream
758,758,NorthAmerica,United States,"California_Tuolumne County_3 mi W Sonora Pass, Hwy. 108 near Deadman Creek",38.317571,-119.666132,2679.6,1983,NA,NA,1983,1980s,Museum,SM092,MVZ186411,Anura,Ranidae,Rana,sierrae,NA,Rana sierrae,NA,1,0.00373,0.3,qPCR (Vredenburg Lab),Sam McNally,NA,1 of 2 qPCR's 1_Coordinate error (m) 30_Datum _not recorded_Measured along Hwy. 108.Estimated elevation using GPS Visualizer,25,130,44,5858,194,-100,294,-28,103,104,-40,809,135,18,64,370,61,67,351,10,0,0,0,2,8,0,0,0.46054674,distperennialstream
763,763,NorthAmerica,United States,California_Tuolumne County_4 mi W Sonora Pass off Hwy. 108,38.325029,-119.681839,2744,1983,NA,NA,1983,1980s,Museum,SM068,MVZ186386,Anura,Ranidae,Rana,sierrae,NA,Rana sierrae,NA,1,0.12,9.6,qPCR (Vredenburg Lab),Sam McNally,NA,1 of 2 qPCR's 1_Coordinate error (m) 30_Datum _not recorded_Distance mesaured along hwy.,34,131,44,5863,204,-91,295,-19,112,114,-30,914,155,15,68,425,56,63,406,10,0,0,0,2,8,0,0,0.398278442,distperennialstream
764,764,NorthAmerica,United States,California_Tuolumne County_4 mi W Sonora Pass off Hwy. 108,38.325029,-119.681839,2744,1983,NA,NA,1983,1980s,Museum,SM105,MVZ186388,Anura,Ranidae,Rana,sierrae,NA,Rana sierrae,NA,1,0.00197,0.16,qPCR (Vredenburg Lab),Sam McNally,NA,1 of 2 qPCR's 1_Coordinate error (m) 30_Datum _not recorded_Distance mesaured along hwy.,34,131,44,5863,204,-91,295,-19,112,114,-30,914,155,15,68,425,56,63,406,10,0,0,0,2,8,0,0,0.398278442,distperennialstream
39,39,NorthAmerica,United States,"California_Kern County_at Mill Creek, 7.5 mi SW of Miracle Hot Springs on Old Hwy. 178",35.5410814,-118.61304,762,1984,NA,NA,1984,1980s,Museum,MVZ227478,MVZ227478,Anura,Hylidae,Pseudacris,regilla,NA,Pseudacris regilla,NA,1,0.0261,2.09,qPCR (Vredenburg Lab),Sam McNally,NA,1 of 2 qPCR's 1_Coordinate error (m) 3017.52_Datum _not recorded_,130,142,44,6409,313,-8,321,63,215,215,56,460,82,2,79,233,13,22,226,10,0,0,0,2,8,0,0,2.58273611,distperennialstream
258,258,NorthAmerica,United States,"California_Inyo County_3 mi N Independence, Mt. Whitney State Fish Hatchery",36.830598,-118.243325,1301.8,1984,NA,NA,1984,1980s,Museum,MVZ197612,MVZ197612,Anura,Hylidae,Pseudacris,regilla,NA,Pseudacris regilla,NA,1,0.0433,3.46,qPCR (Vredenburg Lab),Sam McNally,NA,1 of 2 qPCR's 1_Coordinate error (m) 30_Datum _not recorded_Estimated elevation using GPS Visualizer,101,148,42,6905,293,-53,346,18,193,193,18,334,60,7,65,160,27,27,160,1.629547954,0,0,0,0,1.629547954,0,0,0.753252233,distlakepond
774,774,NorthAmerica,United States,California_Amador County_0.5 mi N of Hwy. 88 on Ione Buena Vista Rd.,38.326962,-120.92941,104.1,1984,NA,NA,1984,1980s,Museum,SM575,MVZ227408,Anura,Hylidae,Pseudacris,regilla,NA,Pseudacris regilla,NA,1,0.0191,1.53,qPCR (Vredenburg Lab),Sam McNally,NA,1 of 2 qPCR's 1_Coordinate error (m) 193.12128_Datum _not recorded_Estimated elevation using GPS Visualizer,161,145,45,6134,349,29,320,84,239,239,84,524,98,2,81,258,9,9,258,29,0,0,0,4,8,8,2,1.272477742,distlakepond
211,211,NorthAmerica,United States,"California_Inyo County_0.8 mi S of Lone Pine, Hwy. 395",36.58263,-118.056747,1127,1985,NA,NA,1985,1980s,Museum,MVZ227435,MVZ227435,Anura,Hylidae,Pseudacris,regilla,NA,Pseudacris regilla,NA,1,NA,34.88,qPCR (Vredenburg Lab),Sam McNally,NA,took average of 2 1 qPCR's_ZEs 1636.8_1157.6_Coordinate error (m) 30_Datum _not recorded_Distance measured from edge of town.Estimated elevation using GPS Visualizer,135,158,42,7533,338,-35,373,42,210,234,42,227,41,5,67,111,19,19,111,20,7,0,0,0,8,0,0,6.333267884,distintermittentstream
256,256,NorthAmerica,United States,"California_Inyo County_S Fork of Oak Creek, 4.0 mi W (by air) Independence",36.813935,-118.269413,1555,1985,NA,NA,1985,1980s,Museum,MVZ227432,MVZ227432,Anura,Hylidae,Pseudacris,regilla,NA,Pseudacris regilla,NA,1,NA,16.4,qPCR (Vredenburg Lab),Sam McNally,NA,took average of 2 1 qPCR's_ZEs 62.88_91.2_Coordinate error (m) 30_Datum _not recorded_,101,148,42,6905,293,-53,346,18,193,193,18,334,60,7,65,160,27,27,160,0.415075958,0,0,0,0,0.415075958,0,0,0.396472446,distephemeralstream
789,789,NorthAmerica,United States,California_Tuolumne County_1.7 mi SW of Sonora Pass on Hwy. 108,38.331041,-119.654713,2805,1985,NA,NA,1985,1980s,Museum,SM064,MVZ227668,Anura,Ranidae,Rana,sierrae,NA,Rana sierrae,NA,1,8.69,695.2,qPCR (Vredenburg Lab),Sam McNally,NA,1 of 2 qPCR's 1_Coordinate error (m) 30_Datum _not recorded_Distance measured along hwy.,25,130,44,5858,194,-100,294,-28,103,104,-40,809,135,18,64,370,61,67,351,9,0,0,0,1,8,0,0,0.268669492,distperennialstream
798,798,NorthAmerica,United States,California_Tuolumne County_1.7 mi SW of Sonora Pass on Hwy. 108,38.331041,-119.654713,2805,1985,NA,NA,1985,1980s,Museum,SM084,MVZ227665,Anura,Ranidae,Rana,sierrae,NA,Rana sierrae,NA,1,NA,127.52,qPCR (Vredenburg Lab),Sam McNally,NA,took average of 2 1 qPCR's_ZE's 39.04_216_Coordinate error (m) 30_Datum _not recorded_Distance measured along hwy.,25,130,44,5858,194,-100,294,-28,103,104,-40,809,135,18,64,370,61,67,351,9,0,0,0,1,8,0,0,0.268669492,distperennialstream
799,799,NorthAmerica,United States,California_Tuolumne County_1.7 mi SW Sonora Pass on Hwy. 108,38.331041,-119.654713,2805,1985,NA,NA,1985,1980s,Museum,SM087,MVZ197554,Anura,Ranidae,Rana,sierrae,NA,Rana sierrae,NA,1,NA,102.8,qPCR (Vredenburg Lab),Sam McNally,NA,took average of 2 1 qPCR's_ZE's 38.4_167.2_Coordinate error (m) 30_Datum _not recorded_Distance measured along hwy.,25,130,44,5858,194,-100,294,-28,103,104,-40,809,135,18,64,370,61,67,351,9,0,0,0,1,8,0,0,0.268669492,distperennialstream
800,800,NorthAmerica,United States,California_Tuolumne County_1.7 mi SW of Sonora Pass on Hwy. 108,38.331041,-119.654713,2805,1985,NA,NA,1985,1980s,Museum,SM101,MVZ227669,Anura,Ranidae,Rana,sierrae,NA,Rana sierrae,NA,1,NA,100.4,qPCR (Vredenburg Lab),Sam McNally,NA,took average of 2 1 qPCR's_ZE's 24_176.8_Coordinate error (m) 30_Datum _not recorded_Distance measured along hwy.,25,130,44,5858,194,-100,294,-28,103,104,-40,809,135,18,64,370,61,67,351,9,0,0,0,1,8,0,0,0.268669492,distperennialstream
801,801,NorthAmerica,United States,California_Tuolumne County_1.7 mi SW of Sonora Pass on Hwy. 108,38.331041,-119.654713,2805,1985,NA,NA,1985,1980s,Museum,SM102,MVZ227667,Anura,Ranidae,Rana,sierrae,NA,Rana sierrae,NA,1,NA,144.44,qPCR (Vredenburg Lab),Sam McNally,NA,took average of 2 1 qPCR's_ZE's 47.28_241.6_Coordinate error (m) 30_Datum _not recorded_Distance measured along hwy.,25,130,44,5858,194,-100,294,-28,103,104,-40,809,135,18,64,370,61,67,351,9,0,0,0,1,8,0,0,0.268669492,distperennialstream
802,802,NorthAmerica,United States,California_Tuolumne County_1.7 mi SW of Sonora Pass on Hwy. 108,38.331041,-119.654713,2805,1985,NA,NA,1985,1980s,Museum,SM103,MVZ227663,Anura,Ranidae,Rana,sierrae,NA,Rana sierrae,NA,1,NA,7.8516,qPCR (Vredenburg Lab),Sam McNally,NA,took average of 2 1 qPCR's_ZE's 0.3432_15.36_Coordinate error (m) 30_Datum _not recorded_Distance measured along hwy.,25,130,44,5858,194,-100,294,-28,103,104,-40,809,135,18,64,370,61,67,351,9,0,0,0,1,8,0,0,0.268669492,distperennialstream
803,803,NorthAmerica,United States,California_Tuolumne County_1.7 mi SW Sonora Pass on Hwy. 108,38.331041,-119.654713,2805,1985,NA,NA,1985,1980s,Museum,SM109,MVZ197555,Anura,Ranidae,Rana,sierrae,NA,Rana sierrae,NA,1,NA,170.92,qPCR (Vredenburg Lab),Sam McNally,NA,took average of 2 1 qPCR's_ZE's 52.24_289.6_Coordinate error (m) 30_Datum _not recorded_Distance measured along hwy.,25,130,44,5858,194,-100,294,-28,103,104,-40,809,135,18,64,370,61,67,351,9,0,0,0,1,8,0,0,0.268669492,distperennialstream
804,804,NorthAmerica,United States,California_Tuolumne County_1.7 mi SW Sonora Pass on Hwy. 108,38.331041,-119.654713,2805,1985,NA,NA,1985,1980s,Museum,SM119,MVZ197557,Anura,Ranidae,Rana,sierrae,NA,Rana sierrae,NA,1,NA,366.4,qPCR (Vredenburg Lab),Sam McNally,NA,took average of 2 1 qPCR's_ZE's 141.6_591.2_Coordinate error (m) 30_Datum _not recorded_Distance measured along hwy.,25,130,44,5858,194,-100,294,-28,103,104,-40,809,135,18,64,370,61,67,351,9,0,0,0,1,8,0,0,0.268669492,distperennialstream
254,254,NorthAmerica,United States,"California_Inyo County_S Fork Oak Creek, 5.0 mi W (by air) Independence",36.806793,-118.280268,1738,1986,NA,NA,1986,1980s,Museum,MVZ227248,MVZ227248,Anura,Bufonidae,Bufo,boreas,NA,Bufo boreas,NA,1,NA,24.04,qPCR (Vredenburg Lab),Sam McNally,NA,took average of 2 1 qPCR's_ZEs 13.6_11.2_Coordinate error (m) 121.92_Datum _not recorded_,101,148,42,6905,293,-53,346,18,193,193,18,334,60,7,65,160,27,27,160,0.296728104,0,0,0,0,0.296728104,0,0,0.013061413,distperennialstream
130,130,NorthAmerica,United States,"California_Tulare County_Troy Mdw., 2350 m, Tulare Co., Ca.",36.07222222,-118.2391667,2350,1987,NA,NA,1987,1980s,Museum,CAS187912,CAS187912,Anura,Hylidae,Pseudacris,regilla,NA,Pseudacris regilla,NA,1,0.0258,2.064,qPCR (Vredenburg Lab),Sam McNally,NA,1 of 2 qPCR's 1_Coordinate error (m) _Datum __,62,123,42,5964,231,-58,289,-2,143,143,-3,585,104,8,72,282,33,47,282,1,0,0,0,1,0,0,0,0.148496962,distperennialstream
230,230,NorthAmerica,United States,"California_Fresno County_Little Panoche Detention Dam, Fresno Co., CA.",36.78333333,-120.7971333,169.6,1987,NA,NA,1987,1980s,Museum,SM509,CAS187899,Anura,Hylidae,Pseudacris,regilla,NA,Pseudacris regilla,NA,1,NA,77.04,qPCR (Vredenburg Lab),Sam McNally,NA,took average of 2 1 qPCR's_ZE's 62.88_91.2_Coordinate error (m) _Datum __Estimated elevation using GPS Visualizer,156,169,48,6182,355,10,345,93,236,236,80,241,43,1,78,122,4,4,121,5.296728134,0,0,0,3,0.296728104,0,2,0.614517711,distlakepond
231,231,NorthAmerica,United States,"California_Fresno County_Little Panoche Detention Dam, Fresno Co., CA.",36.78333333,-120.7971333,169.6,1987,NA,NA,1987,1980s,Museum,SM510,CAS187900,Anura,Hylidae,Pseudacris,regilla,NA,Pseudacris regilla,NA,1,NA,1397.2,qPCR (Vredenburg Lab),Sam McNally,NA,took average of 2 1 qPCR's_ZE's 1636.8_1157.6_Coordinate error (m) _Datum __Estimated elevation using GPS Visualizer,156,169,48,6182,355,10,345,93,236,236,80,241,43,1,78,122,4,4,121,5.296728134,0,0,0,3,0.296728104,0,2,0.614517711,distlakepond
283,283,NorthAmerica,United States,"California_Madera County_Rd. 222 at the No. side of the San Joaquin R., Madera Co., Ca.",37.14736667,-119.50335,305,1988,NA,NA,1988,1980s,Museum,CAS188209,CAS188209,Anura,Ranidae,Rana,catesbeiana,NA,Rana catesbeiana,NA,1,0.000856,0.07,qPCR (Vredenburg Lab),Sam McNally,NA,1 of 2 qPCR's 1_Coordinate error (m) _Datum _DeLorme Street Atlas USA 4.0_Estimated elevation using GPS Visualizer,159,151,44,6802,356,16,340,89,248,248,77,569,105,1,82,292,7,7,285,2.250379562,0,0,0,2,0.250379652,0,0,0.560720194,distlakepond
1193,1193,NorthAmerica,United States,California_Shasta County_,40.87557778,-121.6768167,964,1988,NA,NA,1988,1980s,Museum,SM527,CAS169480,Anura,Hylidae,Pseudacris,regilla,NA,Pseudacris regilla,NA,1,0.00084,0.07,qPCR (Vredenburg Lab),Sam McNally,NA,1 of 2 qPCR's 1_Coordinate error (m) _Datum __Estimated elevation using GPS Visualizer,86,164,46,6414,289,-60,349,13,170,170,8,1067,170,6,68,498,48,48,479,18,0,0,0,2,8,0,1,2.297339396,distperennialstream
1194,1194,NorthAmerica,United States,California_Shasta County_,40.87557778,-121.6768167,964,1988,NA,NA,1988,1980s,Museum,SM524,CAS169478,Anura,Hylidae,Pseudacris,regilla,NA,Pseudacris regilla,NA,1,NA,59.4,qPCR (Vredenburg Lab),Sam McNally,NA,took average of 2 1 qPCR's_ZE's 52.88_65.92_Coordinate error (m) _Datum __Estimated elevation using GPS Visualizer,86,164,46,6414,289,-60,349,13,170,170,8,1067,170,6,68,498,48,48,479,18,0,0,0,2,8,0,1,2.297339396,distperennialstream
1195,1195,NorthAmerica,United States,California_Shasta County_,40.87557778,-121.6768167,964,1988,NA,NA,1988,1980s,Museum,SM528,CAS169479,Anura,Hylidae,Pseudacris,regilla,NA,Pseudacris regilla,NA,1,NA,811.6,qPCR (Vredenburg Lab),Sam McNally,NA,took average of 2 1 qPCR's_ZE's 895.2_728_Coordinate error (m) _Datum __Estimated elevation using GPS Visualizer,86,164,46,6414,289,-60,349,13,170,170,8,1067,170,6,68,498,48,48,479,18,0,0,0,2,8,0,1,2.297339396,distperennialstream
1196,1196,NorthAmerica,United States,California_Shasta County_,40.87557778,-121.6768167,964,1988,NA,NA,1988,1980s,Museum,SM525,CAS169490,Anura,Hylidae,Pseudacris,regilla,NA,Pseudacris regilla,NA,1,NA,6.844,qPCR (Vredenburg Lab),Sam McNally,NA,took average of 2 1 qPCR's_ZE's 1.528_12.16_Coordinate error (m) _Datum __Estimated elevation using GPS Visualizer,86,164,46,6414,289,-60,349,13,170,170,8,1067,170,6,68,498,48,48,479,18,0,0,0,2,8,0,1,2.297339396,distperennialstream
1197,1197,NorthAmerica,United States,California_Shasta County_,40.87557778,-121.6768167,964,1988,NA,NA,1988,1980s,Museum,SM526,CAS169492,Anura,Hylidae,Pseudacris,regilla,NA,Pseudacris regilla,NA,1,NA,47.56,qPCR (Vredenburg Lab),Sam McNally,NA,took average of 2 1 qPCR's_ZE's 31.36_63.76_Coordinate error (m) _Datum __Estimated elevation using GPS Visualizer,86,164,46,6414,289,-60,349,13,170,170,8,1067,170,6,68,498,48,48,479,18,0,0,0,2,8,0,1,2.297339396,distperennialstream
919,919,NorthAmerica,United States,"California_El Dorado County_Webber Creek at Snows Road, El Dorado Co., California",38.71875,-120.6697,713.1,1990,NA,NA,1990,1990s,Museum,CAS175554,CAS175554,Anura,Ranidae,Rana,catesbeiana,NA,Rana catesbeiana,NA,1,NA,7.3776,qPCR (Vredenburg Lab),Sam McNally,NA,took average of 2 1 qPCR's_ZEs 1241.6_357.6_Coordinate error (m) _Datum _DeLorme Street Atlas USA 4.0_Estimated elevation using GPS Visualizer,143,148,45,6337,333,8,325,70,226,228,70,1087,202,4,81,539,20,31,539,9.629548073,0,0,0,6,1.629547954,0,0,0.166243107,distperennialstream
948,948,NorthAmerica,United States,"California_El Dorado County_Dry Cr. (= tributary to Traverse Cr.) at Traverse Creek Rd. bridge, El Dorado Co., California",38.83473333,-120.7949667,603.3,1990,NA,NA,1990,1990s,Museum,CAS175556,CAS175556,Anura,Ranidae,Rana,catesbeiana,NA,Rana catesbeiana,NA,1,0.0206,1.648,qPCR (Vredenburg Lab),Sam McNally,NA,1 of 2 qPCR's 1_Coordinate error (m) _Datum _DeLorme Street Atlas USA 4.0_Estimated elevation using GPS Visualizer,136,138,44,6301,319,6,313,71,219,221,65,1279,231,5,80,631,26,38,629,3.629548073,0,0,0,2,1.629547954,0,0,0.028339525,distperennialstream
1117,1117,NorthAmerica,United States,"California_Butte County_Old logging pond in Woodleaf, Butte Co., California (3130 ft.)",39.519,-121.192,954,1990,NA,NA,1990,1990s,Museum,CAS176580,CAS176580,Anura,Ranidae,Rana,catesbeiana,NA,Rana catesbeiana,NA,1,NA,2.1,qPCR (Vredenburg Lab),Sam McNally,NA,"took average of 2 1 qPCR's_ZEs 1.056_1.368_Coordinate error (m) _Datum _Terrain Navigator 1.0, California, High Sierra/Tahoe, Clipper Mills Quadrangle, 1975._",122,148,46,6074,310,-9,319,51,202,202,51,1400,281,2,84,732,23,23,732,3.250060081,0,0,0,3,0.250060081,0,0,0.142912853,distcanalditch
61,61,NorthAmerica,United States,"California_Kern County_Cedar Creek, 2 miles upstream from White Mill Road, Kern Co., California",35.7050333,-118.65705,1008.5,1991,NA,NA,1991,1990s,Museum,CAS180344,CAS180344,Anura,Ranidae,Rana,catesbeiana,NA,Rana catesbeiana,NA,1,0.00188,0.1504,qPCR (Vredenburg Lab),Sam McNally,NA,1 of 2 qPCR's 1_Coordinate error (m) _Datum _DeLorme Street Atlas USA 4.0_Estimated elevation using GPS Visualizer,105,134,44,6049,282,-21,303,42,185,187,37,592,107,3,79,300,17,27,294,2.852497578,0,0,0,1,0.852497637,0,1,0.185411604,distephemeralstream
65,65,NorthAmerica,United States,"California_Kern County_Cedar Creek, 4 miles upstream from White Mill Road, Kern Co., California",35.71038335,-118.6341167,1106,1991,NA,NA,1991,1990s,Museum,CAS180347,CAS180347,Anura,Ranidae,Rana,catesbeiana,NA,Rana catesbeiana,NA,1,0.000243,0.01944,qPCR (Vredenburg Lab),Sam McNally,NA,1 of 2 qPCR's 1_Coordinate error (m) _Datum _DeLorme Street Atlas USA 4.0_Estimated elevation using GPS Visualizer,105,134,44,6049,282,-21,303,42,185,187,37,592,107,3,79,300,17,27,294,2.852497578,0,0,0,1,0.852497637,0,1,0.265309022,distperennialstream
756,756,NorthAmerica,United States,"California_Mono County_CA: Mono Co: Sardine Mdws., 3/4 mi. No. of Hwy 108",38.31444444,-119.6066667,2666,1992,NA,NA,1992,1990s,Museum,CAS185360,CAS185360,Anura,Hylidae,Pseudacris,regilla,NA,Pseudacris regilla,NA,1,0.0534,4.272,qPCR (Vredenburg Lab),Sam McNally,NA,1 of 2 qPCR's 1_Coordinate error (m) _Datum __Estimated elevation using GPS Visualizer,25,130,44,5858,194,-100,294,-28,103,104,-40,809,135,18,64,370,61,67,351,9,0,0,0,1,8,0,0,0.893436324,distperennialstream
726,726,NorthAmerica,United States,"California_Calaveras County_Coyote Ck, Calaveras Co CA elv Natural Bridges",38.05444444,-120.4772222,363,1994,NA,NA,1994,1990s,Museum,SM431,CAS244008,Anura,Ranidae,Rana,muscosa,NA,Rana muscosa,NA,1,NA,12.756,qPCR (Vredenburg Lab),Sam McNally,NA,took average of 2 1 qPCR's_ZE's 6.312_19.2_Coordinate error (m) _Datum __Estimated elevation using GPS Visualizer,141,158,47,6398,339,3,336,65,225,226,65,913,169,2,81,455,14,22,455,4.681485176,0,0,0,4,0.681485295,0,0,0.059458722,distperennialstream
874,874,NorthAmerica,United States,"California_Amador County_Unnamed trib. to Cole Creek, approx. 3 mi. east of Lower Bear River Reservoir dam, Amador Co. Elev. 6620  NE 1/4 of SW 1/4 Sec. 15, T8N, R16E",38.53766664,-120.1953333,2018,1994,NA,NA,1994,1990s,Museum,SM411,CAS197618,Anura,Ranidae,Rana,muscosa,NA,Rana muscosa,NA,1,0.00625,0.5,qPCR (Vredenburg Lab),Sam McNally,NA,1 of 2 qPCR's 1_Coordinate error (m) _Datum __,70,136,44,6122,248,-59,307,0,151,152,0,1233,218,9,76,598,44,53,598,3.268264532,0,0,0,3,0.268264443,0,0,0.031989327,distintermittentstream
951,951,NorthAmerica,United States,"California_El Dorado County_Unnamed Lake, approx. 1900 ft east of American Lake, Desolation Wilderness, El Dorado Co. Elev. 8110. SW 1/4 Sec. 29, T12N, R17E",38.85425833,-120.1311,2473,1994,NA,NA,1994,1990s,Museum,SM448,CAS197622,Anura,Ranidae,Rana,muscosa,NA,Rana muscosa,NA,1,0.00137,0.11,qPCR (Vredenburg Lab),Sam McNally,NA,1 of 2 qPCR's 1_Coordinate error (m) _Datum __,53,140,44,6211,234,-81,315,-8,135,136,-19,946,163,13,70,446,53,58,444,2.415076017,0,0,0,2,0.415075958,0,0,0.028639082,distlakepond
960,960,NorthAmerica,United States,California_Placer County_4.8 mi SE Canyon Way on Yankee Jim Rd.,39.0391,-120.8995,310,1995,NA,NA,1995,1990s,Museum,MVZ223333,MVZ223333,Anura,Bufonidae,Bufo,boreas,NA,Bufo boreas,NA,1,NA,458.4,qPCR (Vredenburg Lab),Sam McNally,NA,took average of 2 1 qPCR's_ZEs 27.36_30.8_Coordinate error (m) _Datum _not recorded_,138,142,45,6081,320,7,313,68,218,219,68,1219,237,3,82,623,21,31,623,3.268264532,0,0,0,3,0.268264443,0,0,0.437056542,distperennialstream
910,910,NorthAmerica,United States,"California_Alpine County_Alpine Co., Grover Hot Springs Rd, ca 2.5 miles SE (by rd) of Grover Hot Springs State Park Campground at E. Charity Valley trailhead",38.69179999,-119.8038,1730.5,1996,NA,NA,1996,1990s,Museum,CAS201586,CAS201586,Anura,Bufonidae,Bufo,boreas,NA,Bufo boreas,NA,1,0.0154,1.232,qPCR (Vredenburg Lab),Sam McNally,NA,1 of 2 qPCR's 1_Coordinate error (m) _Datum _DeLorme Street Atlas USA 4.0_Estimated elevation using GPS Visualizer,80,158,45,6702,279,-71,350,9,170,170,0,529,88,12,62,240,44,44,240,1.339466453,0,0,0,0,1.339466453,0,0,0.073960501,distcanalditch
1032,1032,NorthAmerica,United States,"California_Nevada County_California: Nevada Co.: Tahoe National Forest, South Yuba River, E bank, E of Golden Quartz Picnic Area, 39 21 28.5 N, 120 44 50.4 W, 2880 ft",39.35791667,-120.7473333,878,1997,NA,NA,1997,1990s,Museum,CAS203450,CAS203450,Anura,Ranidae,Rana,boylii,NA,Rana boylii,NA,1,NA,1.588,qPCR (Vredenburg Lab),Sam McNally,NA,took average of 2 1 qPCR's_ZEs 6.008_5.568_Coordinate error (m) _Datum _Trimble Scoutmaster GPS_,101,137,44,6122,281,-24,305,40,182,183,32,1635,296,6,78,806,41,51,806,1.318683624,0,0,0,1,0.318683654,0,0,0.325319632,distephemeralstream
1118,1118,NorthAmerica,United States,"California_Sierra County_Sierra Co, CA Haypress Crk watershed in pond at Hilda Mine",39.55638889,-120.5952778,1746,1997,NA,NA,1997,1990s,Museum,CAS203366,CAS203366,Anura,Hylidae,Pseudacris,regilla,NA,Pseudacris regilla,NA,1,NA,154.4,qPCR (Vredenburg Lab),Sam McNally,NA,"took average of 2 1 qPCR's_ZEs 550.4_366.4_Coordinate error (m) _Datum _Terrain Navigator 1.0, California, High Sierra/Tahoe, Haypress Valley Quadrangle, 1981._Estimated elevation using GPS Visualizer",62,143,44,6275,251,-72,323,1,145,146,-9,1190,205,10,72,569,52,56,562,2.339466572,0,0,0,1,1.339466453,0,0,1.530269797,distintermittentstream
1122,1122,NorthAmerica,United States,"California_Butte County_Meadow on Pinkard Creek at 3,425 feet elevation, Plumas National Forest, Butte Co., Calif.",39.596412,-121.129896,1044,1997,NA,NA,1997,1990s,Museum,SM425,CAS203170,Anura,Ranidae,Rana,muscosa,NA,Rana muscosa,NA,1,0.00407,0.33,qPCR (Vredenburg Lab),Sam McNally,NA,1 of 2 qPCR's 1_Coordinate error (m) _Datum __,107,147,46,5943,292,-21,313,39,185,185,39,1445,289,3,82,758,29,36,758,2.250060081,0,0,0,2,0.250060081,0,0,0.149173077,distperennialstream
168,168,NorthAmerica,United States,"California_Tulare County_Coble Knoll, N. end of Lake Kaweah, 2 mi SW. of Three Rivers by hwy 198, adjacent ot Sequoia Ntnl. Park, Tulare Co., Calif.  elev. 990'",36.41627778,-118.9229722,302,1998,NA,NA,1998,1990s,Museum,CAS206444,CAS206444,Anura,Bufonidae,Bufo,boreas,NA,Bufo boreas,NA,1,NA,5.724,qPCR (Vredenburg Lab),Sam McNally,NA,took average of 2 1 qPCR's_ZEs 3.152_20.8_Coordinate error (m) _Datum _GNIS Gazetteer._,163,150,43,6808,356,14,342,93,252,252,81,588,111,1,82,308,9,9,295,11,0,0,0,1,8,0,0,3.004529551,distlakepond
958,958,NorthAmerica,United States,"California_Placer County_California: Placer Co.: Tahoe National Forest, Skunk Canyon Creek, ca. 10 m upstream from Mosquito Ridge Rd, T14N R11E Sec34 (NW 1/4 of NW 1/4), 39 01 18.966 N, 120 44 8.0592 W, 1635 ft elev.",39.021935,-120.735572,498,1998,NA,NA,1998,1990s,Museum,CAS205859,CAS205859,Anura,Ranidae,Rana,boylii,NA,Rana boylii,NA,1,NA,128.4,qPCR (Vredenburg Lab),Sam McNally,NA,"took average of 2 1 qPCR's_ZEs 133.6_68.72_Coordinate error (m) _Datum _Michigan Bluff Quadrangle, 1986_",126,138,44,6201,307,-2,309,56,208,210,56,1416,257,6,79,699,30,43,699,2,0,0,0,2,0,0,0,1.008760533,distephemeralstream
965,965,NorthAmerica,United States,"California_Placer County_California: Placer Co.: Tahoe National Forest, off of Forest Rd 96 on bank of Middle Fork American River, ca. 0.4 mi NE (by rd) of its crossing of Middle Fork American River, T15N R14E Sec21 (SW 1/4 of NE 1/4), 39 08 15.9468 N, 120 24 32.6628 W, 5320 ft",39.137763,-120.409073,1622,1998,NA,NA,1998,1990s,Museum,CAS205862,CAS205862,Anura,Bufonidae,Bufo,boreas,NA,Bufo boreas,NA,1,NA,152.8,qPCR (Vredenburg Lab),Sam McNally,NA,"took average of 2 1 qPCR's_ZEs 188_62.8_Coordinate error (m) _Datum _Royal Gorge Quadrangle, 1986_",75,144,45,6186,260,-59,319,4,156,158,4,1303,236,9,77,645,45,51,645,2,0,0,0,2,0,0,0,4.142926286,distephemeralstream
1119,1119,NorthAmerica,United States,"California_Butte County_California: Butte Co.: Plumas National Forest, back pool of Lost Creek Reservoir at base of Sly Creek Reservoir dam, 39 34 49.0 N, 121 06 56.6 W, T20N R8E Sec20 (NW 1/4 of NW 1/4), 3300 ft",39.58027778,-121.1157222,1006,1998,NA,NA,1998,1990s,Museum,CAS205662,CAS205662,Anura,Hylidae,Pseudacris,regilla,NA,Pseudacris regilla,NA,1,NA,295.2,qPCR (Vredenburg Lab),Sam McNally,NA,took average of 2 1 qPCR's_ZEs 13.36_33.28_Coordinate error (m) _Datum _Garmin 12 GPS_,107,147,46,5943,292,-21,313,39,185,185,39,1445,289,3,82,758,29,36,758,2.250538349,0,0,0,2,0.25053829,0,0,0.516254502,distperennialstream
1120,1120,NorthAmerica,United States,"California_Butte County_California: Butte Co.: Plumas National Forest, Strawberry Campground, 39 35 17.7 N, 121 05 26.4 W, T20N R8E Sec16 (SW 1/4 of SW 1/4), 3550 ft",39.58825,-121.0906667,1082,1998,NA,NA,1998,1990s,Museum,CAS205602,CAS205602,Anura,Hylidae,Pseudacris,regilla,NA,Pseudacris regilla,NA,1,NA,2022,qPCR (Vredenburg Lab),Sam McNally,NA,took average of 2 1 qPCR's_ZEs 1.088_0.08_Coordinate error (m) _Datum _Garmin 12 GPS_,107,147,46,5943,292,-21,313,39,185,185,39,1445,289,3,82,758,29,36,758,2.251872301,0,0,0,2,0.251872331,0,0,0.46618616,distintermittentstream
1121,1121,NorthAmerica,United States,"California_Butte County_California: Butte Co.; Plumas Natl. Forest; pond at Strawberry Camp; 39 35 19.4 N, 121 05 27.8 W, T20N R8E Sec16 (SW 1/4 of SW 1/4), 3550 ft",39.58872222,-121.0910556,1082,1998,NA,NA,1998,1990s,Museum,CAS205843,CAS205843,Anura,Hylidae,Pseudacris,regilla,NA,Pseudacris regilla,NA,1,NA,1082,qPCR (Vredenburg Lab),Sam McNally,NA,took average of 2 1 qPCR's_ZEs 1511.2_967.2_Coordinate error (m) _Datum _Garmin 12 GPS_,107,147,46,5943,292,-21,313,39,185,185,39,1445,289,3,82,758,29,36,758,2.251872301,0,0,0,2,0.251872331,0,0,0.681430369,distperennialstream
1125,1125,NorthAmerica,United States,"California_Yuba County_California: Yuba Co.; Plumas National Forest; Slate Creek above Slate Cr. Res. app. 100 m below 2nd dam; N side of creek; 39 37 7.1652 N, 121 02 16.1988 W, T20N R8E Sec1 (NW 1/4 of SW 1/4) 3580 ft elev.",39.618657,-121.037833,1091,1998,NA,NA,1998,1990s,Museum,CAS206247,CAS206297,Anura,Ranidae,Rana,boylii,NA,Rana boylii,NA,1,NA,799.6,qPCR (Vredenburg Lab),Sam McNally,NA,"took average of 2 1 qPCR's_ZEs 5.968_28.56_Coordinate error (m) _Datum _Strawberry Valley Quadrangle, 1986_",107,147,46,5943,292,-21,313,39,185,185,39,1445,289,3,82,758,29,36,758,2.25046277,0,0,0,2,0.2504628,0,0,0.192213955,distperennialstream
1126,1126,NorthAmerica,United States,"California_Sierra County_Tahoe National Forest, Packer Lake, 39 37 25.1 N, 120 39 15.8 W, T20N R12E Sec5 (SE 1/4 of SW 1/4)",39.62363889,-120.6543889,1897,1998,NA,NA,1998,1990s,Museum,SM484,CAS205915,Anura,Hylidae,Pseudacris,regilla,NA,Pseudacris regilla,NA,1,0.00509,0.41,qPCR (Vredenburg Lab),Sam McNally,NA,1 of 2 qPCR's 1_Coordinate error (m) _Datum _Garmin 12 GPS_,62,143,44,6275,251,-72,323,1,145,146,-9,1190,205,10,72,569,52,56,562,1.415076017,0,0,0,1,0.415075958,0,0,0.320116938,distlakepond
1143,1143,NorthAmerica,United States,"California_Sierra County_California: Sierra Co.; Tahoe Ntl. Forest; Snag Lake, 39 40 15.0 N, 120 37 37.0 W, T21N R12E Sec21 (SE 1/4 of NE 1/4), 6640 ft",39.67083333,-120.6269444,2024,1998,NA,NA,1998,1990s,Museum,CAS205907,CAS205907,Anura,Hylidae,Pseudacris,regilla,NA,Pseudacris regilla,NA,1,NA,134.8,qPCR (Vredenburg Lab),Sam McNally,NA,took average of 2 1 qPCR's_ZEs 1.96_9.68_Coordinate error (m) _Datum _Garman 12 GPS_,75,161,46,6360,278,-68,346,8,159,159,-1,946,164,8,72,450,44,44,446,1.296728134,0,0,0,1,0.296728104,0,0,0.246874493,distlakepond
1153,1153,NorthAmerica,United States,"California_Butte County_California: Butte Co.: Plumas National Forest, Forest Rd 62, E of Milsap Bar, 39 43 02.3 N, 121 15 23.4 W, T22N R6E Sec36 (NE 1/4 of SW 1/4), 2160 ft",39.71730556,-121.2565,659,1998,NA,NA,1998,1990s,Museum,CAS205590,CAS205590,Anura,Ranidae,Rana,boylii,NA,Rana boylii,NA,1,NA,32.52,qPCR (Vredenburg Lab),Sam McNally,NA,took average of 2 1 qPCR's_ZEs 24.64_23.44_Coordinate error (m) _Datum _Garmin 12 GPS_,100,149,46,6059,290,-29,319,30,180,180,30,1198,235,3,81,620,27,27,620,2,0,0,0,2,0,0,0,0.336661402,distintermittentstream
1155,1155,NorthAmerica,United States,"California_Sierra County_Pine Grove Creek, 0.7 miles northwest of Howland Flat, Sierra Co., California Elevation 5400 ft",39.71864444,-120.8997611,1646,1998,NA,NA,1998,1990s,Museum,SM455,CAS238604,Anura,Ranidae,Rana,muscosa,NA,Rana muscosa,NA,1,NA,1.0532,qPCR (Vredenburg Lab),Sam McNally,NA,took average of 2 1 qPCR's_ZE's 0.7304_1.376_Coordinate error (m) _Datum __,77,142,44,6182,265,-52,317,15,159,159,7,1267,227,7,75,618,44,49,616,1,0,0,0,1,0,0,0,0.081984889,distperennialstream
1160,1160,NorthAmerica,United States,"California_Butte County_California: Butte Co.: W bank French Creek, 39 43 55.6 N, 121 21 18.3 W, T22N R6E Sec30 (SW 1/4 of NW 1/4), 2080 ft",39.73211111,-121.3550833,634,1998,NA,NA,1998,1990s,Museum,CAS205340,CAS205340,Anura,Hylidae,Pseudacris,regilla,NA,Pseudacris regilla,NA,1,NA,2.58,qPCR (Vredenburg Lab),Sam McNally,NA,took average of 2 1 qPCR's_ZEs 50.32_50.4_Coordinate error (m) _Datum _Garmin 12 GPS_,126,146,45,6170,315,-6,321,53,207,207,53,1240,243,2,82,638,22,22,638,2.251872301,0,0,0,2,0.251872331,0,0,0.582377938,distperennialstream
1181,1181,NorthAmerica,United States,"California_Plumas County_California: Plumas Co.: Plumas National Forest, meadow along Pine Creek, 39 58 18.9 N, 120 45 44.7 W, T24N R11E Sec5 (NE 1/4 of SE 1/4), 7200 ft",39.97191667,-120.7624167,2195,1998,NA,NA,1998,1990s,Museum,SM458,CAS206010,Anura,Hylidae,Pseudacris,regilla,NA,Pseudacris regilla,NA,1,NA,23.8,qPCR (Vredenburg Lab),Sam McNally,NA,took average of 2 1 qPCR's_ZEs 18.56_29.04_Coordinate error (m) _Datum __,74,158,46,6391,277,-66,343,6,159,159,-2,972,170,8,71,462,45,45,461,1.252104759,0,0,0,1,0.252104819,0,0,0.217039891,distephemeralstream
14,14,NorthAmerica,United States,"California_San Bernardino County_E Fork City Creek, 0.1 mi downstream from confluence with Schenk Creek, San Bernardino National Forest",34.1771766,-117.1818397,723.7,1999,NA,NA,1999,1990s,Museum,SM289,MVZ230142,Anura,Ranidae,Rana,muscosa,NA,Rana muscosa,NA,1,NA,192.8,qPCR (Vredenburg Lab),Sam McNally,NA,took average of 2 1 qPCR's_ZE's 84.8_300.8_Coordinate error (m) 1821.777408_Datum _MaNIS georeferencing guidelines_Estimated elevation using GPS Visualizer,136,159,47,6234,323,-10,333,70,217,219,62,642,120,2,83,340,16,32,331,20,0,0,0,7,8,0,0,0.610369267,distperennialstream
270,270,NorthAmerica,United States,"California_Fresno County_California: Fresno Co.: Sierra National Forest, Sycamore Creek, NW of Hacker Mtn., 36 55 14.9 N, 119 18 25.5 W, T12S R24E Sec1 (NE 1/4 of NW 1/4), 1150 ft",36.92080556,-119.3070833,351,1999,NA,NA,1999,1990s,Museum,CAS208814,CAS208814,Anura,Ranidae,Rana,catesbeiana,NA,Rana catesbeiana,NA,1,NA,1.212,qPCR (Vredenburg Lab),Sam McNally,NA,took average of 2 1 qPCR's_ZEs 1.224_8.56_Coordinate error (m) _Datum _Garmin III Plus GPS_,152,142,43,6759,341,11,330,82,241,241,72,687,131,1,83,358,9,19,350,3,0,0,0,3,0,0,0,0.059995407,distintermittentstream
400,400,NorthAmerica,United States,"California_Madera County_California: Madera Co.; Sierra National Forest; Jackass Meadow near Forest Rd 5S88, T5S R24E Sec15 (SW 1/4 of NE 1/4), 37 29 59.0 N, 119 19 47.0 W, 6960 ft",37.49972222,-119.3297222,2122,1999,NA,NA,1999,1990s,Museum,CAS187945,CAS209208,Anura,Hylidae,Pseudacris,regilla,NA,Pseudacris regilla,NA,1,NA,101.16,qPCR (Vredenburg Lab),Sam McNally,NA,took average of 2 1 qPCR's_ZEs 52.24_289.6_Coordinate error (m) _Datum __,88,143,45,6047,268,-44,312,24,169,169,19,767,140,6,77,384,25,35,380,1,0,0,0,1,0,0,0,0.825181653,distperennialstream
402,402,NorthAmerica,United States,"California_Madera County_California: Madera Co.; Sierra National Forest; Jackass Meadow near Forest Rd 5S88, T5S R24E Sec15 (NW 1/4 of NW 1/4), 37 30 00.5 N, 119 20 19.1 W, 6960 ft",37.50013889,-119.3386389,2122,1999,NA,NA,1999,1990s,Museum,CAS209208,CAS209214,Anura,Hylidae,Pseudacris,regilla,NA,Pseudacris regilla,NA,1,NA,125.4,qPCR (Vredenburg Lab),Sam McNally,NA,took average of 2 1 qPCR's_ZEs 141.6_591.2_Coordinate error (m) _Datum __,34,124,44,5515,195,-83,278,-24,108,110,-26,814,142,13,71,383,45,56,377,1,0,0,0,1,0,0,0,0,distswamp
1022,1022,NorthAmerica,United States,"California_Nevada County_California: Nevada Co.: Tahoe National Forest, Upper Lola Montes Lake, T17N, R14E Sec8 (NE 1/4 of SW 1/4), 39 21 2.35 N, 120 25 51.28 W, 7553 ft",39.35065278,-120.4309111,2303,1999,NA,NA,1999,1990s,Museum,SM491,CAS209883,Anura,Hylidae,Pseudacris,regilla,NA,Pseudacris regilla,NA,1,0.249,19.92,qPCR (Vredenburg Lab),Sam McNally,NA,1 of 2 qPCR's 1_Coordinate error (m) _Datum __,47,140,44,6220,233,-85,318,-12,130,131,-22,1131,193,12,70,531,57,60,529,1.757507324,0,0,0,1,0.757507324,0,0,0,distlakepond
1177,1177,NorthAmerica,United States,"California_Plumas County_California: Plumas Co.: Plumas National Forest, Silver Lake, T24N R7E Sec1 (SE 1/4 of SE 1/4), 39 57 32.2 N, 121 08 09.2 W, 5820 ft",39.95894444,-121.1358889,1774,1999,NA,NA,1999,1990s,Museum,SM440,CAS209386,Anura,Ranidae,Rana,muscosa,NA,Rana muscosa,NA,1,NA,661.6,qPCR (Vredenburg Lab),Sam McNally,NA,took average of 2 1 qPCR's_ZE's 239.2_1084_Coordinate error (m) _Datum __,81,153,46,6260,279,-53,332,8,164,164,8,1131,209,5,76,560,37,37,560,1.262444854,0,0,0,1,0.262444854,0,0,0.717884245,distintermittentstream
43,43,NorthAmerica,United States,"California_Kern County_California: Kern Co.: Sequoia National Forest, Scodie Mtns, Pacific Crest National Scenic Trail, 1.0 km W (by trail) of McIver's Cabin, unnamed creek, T26S R36E Sec35 (SW 1/4 of SE 1/4), 35 37 12.8 N, 118 04 55.1 W, 6640 ft",35.62022222,-118.0819722,2024,2000,NA,NA,2000,2000s,Museum,CAS213192,CAS213192,Anura,Bufonidae,Bufo,boreas,NA,Bufo boreas,NA,1,NA,116.8,qPCR (Vredenburg Lab),Sam McNally,NA,took average of 2 1 qPCR's_ZEs 12.56_20.24_Coordinate error (m) _Datum _Garmin 12 GPS_,118,140,43,6663,304,-21,325,49,181,207,41,356,62,4,74,177,19,20,174,2.258657694,0,0,0,1,0.258657664,0,1,0.400940983,distephemeralstream
44,44,NorthAmerica,United States,"California_Kern County_California: Kern Co.: Sequoia National Forest, Scodie Mtns, Pacific Crest National Scenic Trail, 1.0 km W (by trail) of McIver's Cabin, unnamed creek, T26S R36E Sec35 (SW 1/4 of SE 1/4), 35 37 12.8 N, 118 04 55.1 W, 6640 ft",35.62022222,-118.0819722,2024,2000,NA,NA,2000,2000s,Museum,CAS213194,CAS213194,Anura,Bufonidae,Bufo,boreas,NA,Bufo boreas,NA,1,0.00453,0.36,qPCR (Vredenburg Lab),Sam McNally,NA,1 of 2 qPCR's 1_Coordinate error (m) _Datum _Garmin 12 GPS_,118,140,43,6663,304,-21,325,49,181,207,41,356,62,4,74,177,19,20,174,2.258657694,0,0,0,1,0.258657664,0,1,0.400940983,distephemeralstream
52,52,NorthAmerica,United States,"California_Kern County_California: Kern Co.: Sequoia National Forest, South Fork Wildlife Area, T26S R34E S17 (NE 1/4 of NE 1/4), 35 40 18.25 N, 118 20 47.5 W, 2600 ft",35.67173611,-118.3465278,793,2001,NA,NA,2001,2000s,Museum,CAS219731,CAS219731,Anura,Hylidae,Pseudacris,regilla,NA,Pseudacris regilla,NA,1,NA,5.924,qPCR (Vredenburg Lab),Sam McNally,NA,"took average of 2 1 qPCR's_ZEs 1.136_1.232_Coordinate error (m) _Datum _Terrain Navigator, Weldon Quadrangle, 1994_",133,147,44,6594,320,-12,332,64,221,221,56,420,77,3,78,215,15,15,211,4.629548073,0,0,0,2,1.629547954,0,1,0.243357493,distephemeralstream
884,884,NorthAmerica,United States,California_Alpine County_Pond N Ebbett's Pass,38.54874,-119.81147,2692,2001,NA,NA,2001,2000s,Museum,SM572,MVZ237180,Anura,Hylidae,Pseudacris,regilla,NA,Pseudacris regilla,NA,1,0.0722,5.78,qPCR (Vredenburg Lab),Sam McNally,NA,1 of 2 qPCR's 1_Coordinate error (m) 113_Datum _not recorded_,47,140,44,6237,227,-89,316,-14,130,130,-24,793,132,15,65,364,56,56,361,8,0,0,0,0,8,0,0,0.007128229,distlakepond
885,885,NorthAmerica,United States,California_Alpine County_Pond N Ebbett's Pass,38.54874,-119.81147,2692,2001,NA,NA,2001,2000s,Museum,SM571,MVZ237179,Anura,Hylidae,Pseudacris,regilla,NA,Pseudacris regilla,NA,1,NA,1.69532,qPCR (Vredenburg Lab),Sam McNally,NA,took average of 2 1 qPCR's_ZEs 0.984_1.552_Coordinate error (m) 113_Datum _not recorded_,47,140,44,6237,227,-89,316,-14,130,130,-24,793,132,15,65,364,56,56,361,8,0,0,0,0,8,0,0,0.007128229,distlakepond
248,248,NorthAmerica,United States,"California_Fresno County_California: Fresno Co.: Tenmile creek, Sierra Nevada Mtns., Hume Lake Ntnl. Recreation Area, Sequoia Ntnl. Forest, T13S R28E Sec14 (NW 1/4 of NE 1/4), 36 47 48.82 N, 118 53 53.09 W, 5280 ft",36.79689444,-118.8980806,1610,2002,NA,NA,2002,2000s,Museum,CAS224862,CAS224862,Anura,Ranidae,Rana,catesbeiana,NA,Rana catesbeiana,NA,1,NA,50.36,qPCR (Vredenburg Lab),Sam McNally,NA,took average of 2 1 qPCR's_ZEs 1.096_2.904_Coordinate error (m) _Datum _Garmin 2+ GPS_,90,127,43,6035,260,-34,294,26,171,172,23,806,154,4,80,414,18,33,409,5,0,0,0,1,4,0,0,0.398022646,distperennialstream
249,249,NorthAmerica,United States,"California_Fresno County_California: Fresno Co.: Indian Basin and Indian Creek, ca 0.25 mi SE of Princess Campground, Park Ridge, Sequoia Ntnl. Forest, T13S.R28E. Sec.16 (NE 1/4 of NW 1/4), N36 47 52.9, W118 56 27.0, 6000 ft",36.79802778,-118.9408333,1829,2002,NA,NA,2002,2000s,Museum,CAS224858,CAS224858,Anura,Hylidae,Pseudacris,regilla,NA,Pseudacris regilla,NA,1,NA,5.788,qPCR (Vredenburg Lab),Sam McNally,NA,took average of 2 1 qPCR's_ZEs 1089.6_800_Coordinate error (m) _Datum _Garmin 2+ GPS_,90,127,43,6035,260,-34,294,26,171,172,23,806,154,4,80,414,18,33,409,9,0,0,0,1,8,0,0,0.636679511,distperennialstream
251,251,NorthAmerica,United States,"California_Fresno County_California: Fresno Co.: Crossing of White Deer Creek and Hopewell Rd. ca 0.25 mi S. of Sequoia National Forest, Sierra Nevada, T13S R26E Sec 17 (NW 1/4 of NW 1/4), N 36 48 4.4, W 119 10 26.7, 1800 ft",36.80122222,-119.1740833,549,2002,NA,NA,2002,2000s,Museum,CAS224784,CAS224784,Anura,Bufonidae,Bufo,boreas,NA,Bufo boreas,NA,1,0.000278,0.02,qPCR (Vredenburg Lab),Sam McNally,NA,1 of 2 qPCR's 1_Coordinate error (m) _Datum _Garmin 2+ GPS_,161,143,43,6804,350,19,331,91,249,249,78,612,118,1,82,322,8,8,311,1.366439939,0,0,0,1,0.366439939,0,0,0.643598791,distperennialstream
192,192,NorthAmerica,United States,"California_Inyo County_Owens River delta, Owens Dry Lake",36.53344444,-117.9769444,1093,2003,NA,NA,2003,2000s,Museum,LACM154823,LACM154823,Anura,Ranidae,Rana,catesbeiana,NA,Rana catesbeiana,NA,1,NA,4.212,qPCR (Vredenburg Lab),Sam McNally,NA,took average of 2 1 qPCR's_ZEs 36.48_28.56_Coordinate error (m) _Datum __Calculated from original coordinatesEstimated elevation using GPS Visualizer,111,148,41,7279,307,-49,356,23,183,208,23,260,43,6,58,118,26,28,118,0.681485295,0,0,0,0,0.681485295,0,0,0.643440473,distswamp
193,193,NorthAmerica,United States,"California_Inyo County_Owens River delta, Owens Dry Lake",36.53344444,-117.9769444,1093,2003,NA,NA,2003,2000s,Museum,LACM154824,LACM154824,Anura,Ranidae,Rana,catesbeiana,NA,Rana catesbeiana,NA,1,NA,65.44,qPCR (Vredenburg Lab),Sam McNally,NA,took average of 2 1 qPCR's_ZEs 1720.8_2323.2_Coordinate error (m) _Datum __Calculated from original coordinatesEstimated elevation using GPS Visualizer,111,148,41,7279,307,-49,356,23,183,208,23,260,43,6,58,118,26,28,118,0.681485295,0,0,0,0,0.681485295,0,0,0.643440473,distswamp
194,194,NorthAmerica,United States,"California_Inyo County_Owens River delta, Owens Dry Lake",36.53344444,-117.9769444,1093,2003,NA,NA,2003,2000s,Museum,LACM154826,LACM154826,Anura,Ranidae,Rana,catesbeiana,NA,Rana catesbeiana,NA,1,NA,144,qPCR (Vredenburg Lab),Sam McNally,NA,took average of 2 1 qPCR's_ZEs 320_270.4_Coordinate error (m) _Datum __Calculated from original coordinatesEstimated elevation using GPS Visualizer,111,148,41,7279,307,-49,356,23,183,208,23,260,43,6,58,118,26,28,118,0.681485295,0,0,0,0,0.681485295,0,0,0.643440473,distswamp
504,504,NorthAmerica,United States,"California_Mariposa County_Crane Flat, Yosemite National Park",37.74597,-119.7993,1872,2003,NA,NA,2003,2000s,Museum,MVZ240768,MVZ240768,Anura,Hylidae,Pseudacris,regilla,NA,Pseudacris regilla,NA,1,NA,1.184,qPCR (Vredenburg Lab),Sam McNally,NA,took average of 2 1 qPCR's_ZEs 895.2_728_Coordinate error (m) 9.416_Datum _MaNIS georeferencing guidelines_Estimated elevation using GPS Visualizer,85,141,45,6081,266,-44,310,16,166,167,16,966,171,6,77,470,31,39,470,6,0,0,0,2,4,0,0,0.730934403,distephemeralstream
684,684,NorthAmerica,United States,"California_Tuolumne County_Hetch Hetchy Rd., between Ranger Station and Dam, Hetch Hetchy Area, Yosemite National Park",37.91745,-119.8076,1370,2003,NA,NA,2003,2000s,Museum,SM577,MVZ240796,Anura,Hylidae,Pseudacris,regilla,NA,Pseudacris regilla,NA,1,0.00592,0.47,qPCR (Vredenburg Lab),Sam McNally,NA,1 of 2 qPCR's 1_Coordinate error (m) 11.169_Datum _MaNIS georeferencing guidelines_,79,142,45,6151,260,-53,313,9,161,161,9,914,159,8,74,438,36,43,438,1.250124454,0,0,0,1,0.250124395,0,0,6.155512969,distperennialstream
1191,1191,NorthAmerica,United States,"California_Plumas County_California: Plumas Co.: Plumas National Forest, upper Lone Rock Creek, T27N R12E S17 (SE 1/4 of NE 1/4), 40 12 1.8 N, 120 38 46.8 W, 5120 ft",40.2005,-120.6463333,1561,2003,NA,NA,2003,2000s,Museum,SM442,CAS227639,Anura,Ranidae,Rana,muscosa,NA,Rana muscosa,NA,1,NA,24.52,qPCR (Vredenburg Lab),Sam McNally,NA,took average of 2 1 qPCR's_ZE's 16.08_32.96_Coordinate error (m) _Datum __,66,163,44,6798,280,-84,364,-8,154,156,-16,573,92,9,60,253,42,45,252,1,0,0,0,1,0,0,0,0.570493798,distperennialstream
568,568,NorthAmerica,United States,"California_Tuolumne County_unnamed lake, ca. 1 km E (by trail) of Evelyn Lake, Yosemite National Park",37.81059,-119.0991,3171,2004,NA,NA,2004,2000s,Museum,SM120,MVZ245551,Anura,Ranidae,Rana,sierrae,NA,Rana sierrae,NA,1,NA,7.0912,qPCR (Vredenburg Lab),Sam McNally,NA,took average of 2 1 qPCR's_ZE's 0.2624_13.92_Coordinate error (m) 11.569_Datum _MaNIS georeferencing guidelines_,34,133,44,5827,205,-92,297,-30,113,113,-30,543,91,15,61,244,47,47,244,0.681485295,0,0,0,0,0.681485295,0,0,5.149012994,distephemeralstream
623,623,NorthAmerica,United States,"California_Tuolumne County_Birch Lake, Camp Mather, Stanislaus National Forest",37.88029,-119.85595,1389,2004,NA,NA,2004,2000s,Museum,MVZ245529,MVZ245529,Anura,Ranidae,Rana,catesbeiana,NA,Rana catesbeiana,NA,1,0.0194,1.55,qPCR (Vredenburg Lab),Sam McNally,NA,1 of 2 qPCR's 1_Coordinate error (m) 21.569_Datum _MaNIS georeferencing guidelines_,111,146,45,6378,299,-22,321,38,196,196,38,1022,177,4,77,496,27,34,496,1.255021572,0,0,0,1,0.255021542,0,0,0.138867362,distlakepond
1162,1162,NorthAmerica,United States,"California_Butte County_CA.; Butte Co.; North Fork Feather River at confluence of Flea Valley Creek T23N R5E Sec 32 (SW 1/4 of SW 1/4), 1360 ft.",39.80461,-121.45193,415,2004,NA,NA,2004,2000s,Museum,CAS235799,CAS235799,Anura,Ranidae,Rana,boylii,NA,Rana boylii,NA,1,0.00145,0.12,qPCR (Vredenburg Lab),Sam McNally,NA,1 of 2 qPCR's 1_Coordinate error (m) _Datum _COORDINATES ESTIMATED BY SAM MCNALLY on GOOGLE EARTH_,126,146,45,6170,315,-6,321,53,207,207,53,1240,243,2,82,638,22,22,638,18,0,0,0,2,8,8,0,0.062400869,distperennialstream
486,486,NorthAmerica,United States,"California_Mariposa County_El Capitan Meadow, Yosemite Valley, Yosemite National Park",37.72424,-119.63531,1206.3,2005,NA,NA,2005,2000s,Museum,MVZ249951,MVZ249951,Anura,Hylidae,Pseudacris,regilla,NA,Pseudacris regilla,NA,1,NA,944.8,qPCR (Vredenburg Lab),Sam McNally,NA,took average of 2 1 qPCR's_ZE's 1089.6_800_Coordinate error (m) _Datum _not recorded_No GPS accuracy givenEstimated elevation using GPS Visualizer,61,136,45,5861,235,-65,300,-5,139,140,-5,853,150,9,73,410,37,46,410,9,0,0,0,1,8,0,0,5.634132861,distintermittentstream
499,499,NorthAmerica,United States,"California_Mariposa County_0.5 mi. E of El Capitan Meadow, Yosemite Valley, Yosemite National Park",37.72702,-119.62689,1203.3,2005,NA,NA,2005,2000s,Museum,MVZ249832,MVZ249832,Anura,Bufonidae,Bufo,boreas,NA,Bufo boreas,NA,1,NA,29.08,qPCR (Vredenburg Lab),Sam McNally,NA,took average of 2 1 qPCR's_ZEs 31.36_63.76_Coordinate error (m) _Datum _not recorded_No GPS accuracy givenEstimated elevation using GPS Visualizer,61,136,45,5861,235,-65,300,-5,139,140,-5,853,150,9,73,410,37,46,410,9,0,0,0,1,8,0,0,4.095703708,distintermittentstream
516,516,NorthAmerica,United States,"California_Mariposa County_Meadow NE of Crane Flat, E of Tioga Rd., Yosemite National Park",37.7564,-119.80553,1585,2005,NA,NA,2005,2000s,Museum,MVZ249956,MVZ249956,Anura,Hylidae,Pseudacris,regilla,NA,Pseudacris regilla,NA,1,NA,2,qPCR (Vredenburg Lab),Sam McNally,NA,took average of 2 1 qPCR's_ZE's 1.096_2.904_Coordinate error (m) _Datum _not recorded_GPS accuracy not recorded,85,141,45,6081,266,-44,310,16,166,167,16,966,171,6,77,470,31,39,470,10,0,0,0,2,8,0,0,1.396872649,distperennialstream
636,636,NorthAmerica,United States,"California_Tuolumne County_Hetch Hetchy Rd., Yosemite National Park",37.90281,-119.81408,1463,2005,NA,NA,2005,2000s,Museum,MVZ250013,MVZ250013,Anura,Hylidae,Pseudacris,regilla,NA,Pseudacris regilla,NA,1,NA,12.4,qPCR (Vredenburg Lab),Sam McNally,NA,took average of 2 1 qPCR's_ZE's 13.6_11.2_Coordinate error (m) _Datum _not recorded_GPS accuracy not recorded,79,142,45,6151,260,-53,313,9,161,161,9,914,159,8,74,438,36,43,438,1.250246406,0,0,0,1,0.250246435,0,0,3.235257915,distperennialstream
728,728,NorthAmerica,United States,"California_Tuolumne County_ N end of Kerrick Meadow, Yosemite National Park",38.11736,-119.48051,2857.1,2005,NA,NA,2005,2000s,Museum,SM162,MVZ250048,Anura,Ranidae,Rana,sierrae,NA,Rana sierrae,NA,1,NA,1023.6,qPCR (Vredenburg Lab),Sam McNally,NA,took average of 2 1 qPCR's_ZE's 453.6_1593.6_Coordinate error (m) _Datum _not recorded_Estimated elevation using GPS Visualizer,17,127,44,5712,184,-104,288,-32,94,95,-45,752,125,19,63,342,61,69,323,1,0,0,0,1,0,0,0,0,distswamp
731,731,NorthAmerica,United States,"California_Mono County_0.5km NW of Dorothy Lake Pass, Toiyabe National Forest",38.18458,-119.58434,2963,2005,NA,NA,2005,2000s,Museum,MVZ249957,MVZ249957,Anura,Hylidae,Pseudacris,regilla,NA,Pseudacris regilla,NA,1,0.0132,1.056,qPCR (Vredenburg Lab),Sam McNally,NA,1 of 2 qPCR's 1_Coordinate error (m) _Datum _not recorded_,25,130,44,5858,194,-100,294,-28,103,104,-40,809,135,18,64,370,61,67,351,1.250008106,0,0,0,1,0.250008166,0,0,2.563115585,distlakepond
735,735,NorthAmerica,United States,"California_Tuolumne County_~0.75km NW of outflow dam on W side of Emigrant Meadow Lake, Emigrant Wilderness, Stanislaus National Forest",38.20648,-119.6553,2867,2005,NA,NA,2005,2000s,Museum,MVZ249852,MVZ249852,Anura,Bufonidae,Bufo,canorus,NA,Bufo canorus,NA,1,NA,4.544,qPCR (Vredenburg Lab),Sam McNally,NA,took average of 2 1 qPCR's_ZEs 84.8_300.8_Coordinate error (m) _Datum _not recorded_,25,130,44,5858,194,-100,294,-28,103,104,-40,809,135,18,64,370,61,67,351,2.250060081,0,0,0,2,0.250060081,0,0,0,distswamp
891,891,NorthAmerica,United States,"California_El Dorado County_Leoni Meadow, 6100 Leoni Rd., 4 mi SE of Grizzly Flat via Leoni Rd. and Grizzly Flat Rd., Sierra Nevada Mtns., El Dorado Ntnl. Forest, El Dorado Co., Calif. N 38 36 37.3, W 120 30 17.0, ca 4150'",38.61036111,-120.5047222,1265,2005,NA,NA,2005,2000s,Museum,CAS236217,CAS236217,Anura,Bufonidae,Bufo,boreas,NA,Bufo boreas,NA,1,0.0284,2.27,qPCR (Vredenburg Lab),Sam McNally,NA,1 of 2 qPCR's 1_Coordinate error (m) _Datum _GPS._,135,141,44,6282,321,7,314,63,217,219,63,1234,215,5,79,594,25,39,594,3.251330137,0,0,0,3,0.251330078,0,0,2.475847233,distintermittentstream
1161,1161,NorthAmerica,United States,"California_Butte County_CA.; Butte Co.; North Fork Feather River downstream of Bardees Bar, N 39 44 31.4 W 121 28 26.1 T22N R4E Sec 24 (SE 1/4 of SE 1/4), 960 ft.",39.74205556,-121.4739167,293,2005,NA,NA,2005,2000s,Museum,CAS235797,CAS235797,Anura,Ranidae,Rana,boylii,NA,Rana boylii,NA,1,NA,23.32,qPCR (Vredenburg Lab),Sam McNally,NA,took average of 2 1 qPCR's_ZEs 0.524_9.92_Coordinate error (m) _Datum __,126,146,45,6170,315,-6,321,53,207,207,53,1240,243,2,82,638,22,22,638,14,0,0,0,2,4,8,0,0.356941589,distephemeralstream
1166,1166,NorthAmerica,United States,"California_Butte County_CA.; Butte Co.;  Unnamed tributary to the North Fork Feather River at upstream side of Highway 70 crossing, (N 39.8484, W 121.3933), 1520 ft",39.8484,-121.3933,463,2005,NA,NA,2005,2000s,Museum,CAS236001,CAS236001,Anura,Ranidae,Rana,boylii,NA,Rana boylii,NA,1,NA,1239.2,qPCR (Vredenburg Lab),Sam McNally,NA,took average of 2 1 qPCR's_ZEs 8.08_22.32_Coordinate error (m) _Datum __,92,148,46,6106,283,-38,321,22,173,173,22,1014,192,3,77,511,28,28,511,18,0,0,0,2,8,8,0,0.030754984,distintermittentstream